customer_id,subscription_id,subscription_start_date,subscription_end_date,subscription_cost,monthly_charges,num_support_calls,support_calls_per_day,referral_code,avg_monthly_transactions,avg_transactions_per_day,tenure_days,was_referred,churned
C00001,S00001,2020-08-04,,59,58.55,4,0.0044,,52,1.7333,918,0,0
C00002,S00002,2024-01-12,2024-10-07,113,112.6,2,0.0074,REF476,17,0.5667,269,1,1
C00003,S00003,2022-08-20,,85,84.61,1,0.0167,,50,1.6667,60,0,0
C00004,S00004,2023-12-20,2025-09-21,99,98.62,3,0.0047,,38,1.2667,641,0,1
C00005,S00005,2021-03-17,2023-10-20,112,112.23,1,0.0011,,8,0.2667,947,0,1
C00006,S00006,2022-07-14,2027-05-29,84,83.66,2,0.0011,,39,1.3,1780,0,1
C00007,S00007,2021-02-15,2025-06-14,72,72.37,3,0.0019,,21,0.7,1580,0,1
C00008,S00008,2021-12-02,2025-06-29,85,84.81,1,0.0008,,10,0.3333,1305,0,1
C00009,S00009,2021-04-29,2026-01-28,68,67.52,1,0.0006,,28,0.9333,1735,0,1
C00010,S00010,2020-08-01,2024-06-08,80,80.21,0,0.0,,33,1.1,1407,0,1
C00011,S00011,2021-10-25,,80,80.22,3,0.0031,,26,0.8667,975,0,0
C00012,S00012,2022-03-06,2026-09-07,66,66.17,1,0.0006,REF428,13,0.4333,1646,1,1
C00013,S00013,2020-08-23,,61,61.03,3,0.0018,,26,0.8667,1660,0,0
C00014,S00014,2021-08-20,,101,100.76,1,0.0024,,14,0.4667,412,0,0
C00015,S00015,2020-05-20,2021-11-22,88,87.63,2,0.0036,,23,0.7667,551,0,1
C00016,S00016,2022-08-26,2027-06-06,110,109.86,1,0.0006,REF500,24,0.8,1745,1,1
C00017,S00017,2021-04-14,,50,50.45,3,0.0435,,32,1.0667,69,0,0
C00018,S00018,2020-05-14,2022-12-31,45,45.21,5,0.0052,,19,0.6333,961,0,1
C00019,S00019,2022-02-08,,105,105.24,1,0.0014,,33,1.1,726,0,0
C00020,S00020,2023-06-06,2027-02-20,51,50.67,3,0.0022,,24,0.8,1355,0,1
C00021,S00021,2024-01-26,2028-10-18,85,85.24,2,0.0012,,28,0.9333,1727,0,1
C00022,S00022,2023-12-21,2025-08-25,60,60.07,2,0.0033,,23,0.7667,613,0,1
C00023,S00023,2020-09-17,2021-12-04,76,75.87,2,0.0045,,24,0.8,443,0,1
C00024,S00024,2020-11-10,2022-08-05,114,114.11,4,0.0063,,15,0.5,633,0,1
C00025,S00025,2023-09-01,,109,108.96,2,0.0015,,27,0.9,1305,0,0
C00026,S00026,2022-08-07,,82,81.86,0,0.0,,31,1.0333,685,0,0
C00027,S00027,2022-03-25,2025-06-14,71,71.04,3,0.0025,,43,1.4333,1177,0,1
C00028,S00028,2023-04-17,2025-02-10,66,65.74,0,0.0,REF547,19,0.6333,665,1,1
C00029,S00029,2020-04-06,2023-12-15,43,43.27,2,0.0015,,30,1.0,1348,0,1
C00030,S00030,2022-04-11,2022-09-26,56,56.02,0,0.0,,26,0.8667,168,0,1
C00031,S00031,2022-05-08,,64,63.66,6,0.0091,,23,0.7667,656,0,0
C00032,S00032,2023-11-04,2025-06-24,94,94.44,0,0.0,REF677,19,0.6333,598,1,1
C00033,S00033,2021-12-02,2024-12-06,102,102.1,1,0.0009,REF898,33,1.1,1100,1,1
C00034,S00034,2022-02-06,2025-05-07,71,71.32,4,0.0034,,37,1.2333,1186,0,1
C00035,S00035,2023-04-16,2026-12-01,95,94.86,1,0.0008,,16,0.5333,1325,0,1
C00036,S00036,2021-02-09,2025-07-27,88,88.38,2,0.0012,,35,1.1667,1629,0,1
C00037,S00037,2020-04-14,2024-03-29,76,75.71,3,0.0021,,52,1.7333,1445,0,1
C00038,S00038,2021-12-08,2022-04-19,83,82.91,1,0.0076,,14,0.4667,132,0,1
C00039,S00039,2022-07-04,,93,93.46,2,0.0016,,14,0.4667,1239,0,0
C00040,S00040,2022-01-01,,82,81.68,1,0.0114,,43,1.4333,88,0,0
C00041,S00041,2022-11-25,2025-01-12,119,119.29,1,0.0013,,22,0.7333,779,0,1
C00042,S00042,2021-01-15,2024-01-10,110,110.02,1,0.0009,,25,0.8333,1090,0,1
C00043,S00043,2020-01-22,2021-09-28,72,72.01,5,0.0081,,29,0.9667,615,0,1
C00044,S00044,2023-03-26,,90,89.74,5,0.0039,,39,1.3,1277,0,0
C00045,S00045,2023-06-30,,54,54.45,1,0.0007,REF575,66,2.2,1445,1,0
C00046,S00046,2022-07-15,2025-08-06,92,92.1,4,0.0036,,18,0.6,1118,0,1
C00047,S00047,2021-04-15,2023-12-14,61,61.11,2,0.0021,,25,0.8333,973,0,1
C00048,S00048,2021-07-09,2026-04-27,55,55.31,0,0.0,REF286,39,1.3,1753,1,1
C00049,S00049,2021-12-20,2025-03-29,93,92.79,3,0.0025,REF266,32,1.0667,1195,1,1
C00050,S00050,2021-09-24,,80,79.94,1,0.0022,REF685,33,1.1,458,1,0
C00051,S00051,2020-12-01,,92,92.36,1,0.0008,,39,1.3,1202,0,0
C00052,S00052,2021-07-11,,60,60.27,3,0.0033,,23,0.7667,897,0,0
C00053,S00053,2021-03-23,2021-07-02,25,25.0,3,0.0297,,5,0.1667,101,0,1
C00054,S00054,2021-11-02,,109,109.07,2,0.0012,REF997,41,1.3667,1653,1,0
C00055,S00055,2021-07-17,2025-06-30,39,38.82,0,0.0,,22,0.7333,1444,0,1
C00056,S00056,2022-03-03,,54,54.26,0,0.0,,37,1.2333,1134,0,0
C00057,S00057,2023-04-25,2026-09-07,72,72.47,0,0.0,,54,1.8,1231,0,1
C00058,S00058,2021-05-11,,98,97.79,2,0.0019,,37,1.2333,1064,0,0
C00059,S00059,2020-03-27,2022-01-13,75,74.88,0,0.0,,31,1.0333,657,0,1
C00060,S00060,2023-05-12,,96,95.51,1,0.0006,,24,0.8,1683,0,0
C00061,S00061,2020-10-06,2023-07-25,71,70.52,0,0.0,,50,1.6667,1022,0,1
C00062,S00062,2023-10-24,2025-08-03,66,65.88,1,0.0015,REF375,22,0.7333,649,1,1
C00063,S00063,2022-03-03,2025-08-05,99,99.33,3,0.0024,REF179,38,1.2667,1251,1,1
C00064,S00064,2022-02-23,,80,79.78,1,0.003,,30,1.0,333,0,0
C00065,S00065,2021-09-05,2023-05-14,47,46.93,3,0.0049,,25,0.8333,616,0,1
C00066,S00066,2022-12-03,,113,112.95,1,0.0035,REF174,30,1.0,284,1,0
C00067,S00067,2022-09-06,2023-04-02,97,97.19,1,0.0048,,38,1.2667,208,0,1
C00068,S00068,2023-10-27,2027-11-25,90,89.75,0,0.0,,43,1.4333,1490,0,1
C00069,S00069,2020-01-25,2022-04-24,82,81.51,3,0.0037,,28,0.9333,820,0,1
C00070,S00070,2020-10-14,2025-01-12,37,37.31,3,0.0019,,32,1.0667,1551,0,1
C00071,S00071,2021-02-20,2024-05-04,88,88.29,3,0.0026,,44,1.4667,1169,0,1
C00072,S00072,2020-10-11,2022-01-20,60,59.65,2,0.0043,,32,1.0667,466,0,1
C00073,S00073,2023-11-23,2025-01-23,95,94.81,1,0.0023,,18,0.6,427,0,1
C00074,S00074,2020-04-18,2022-08-21,66,66.22,2,0.0023,,44,1.4667,855,0,1
C00075,S00075,2020-06-30,2021-02-09,61,61.35,1,0.0045,,16,0.5333,224,0,1
C00076,S00076,2021-10-25,,74,74.23,5,0.0046,,36,1.2,1077,0,0
C00077,S00077,2021-01-31,2023-06-09,108,107.87,2,0.0023,,42,1.4,859,0,1
C00078,S00078,2021-05-11,2022-03-08,92,92.38,1,0.0033,REF346,17,0.5667,301,1,1
C00079,S00079,2022-06-24,2025-02-20,41,40.78,1,0.001,,23,0.7667,972,0,1
C00080,S00080,2022-04-20,2026-07-04,40,39.82,4,0.0026,,17,0.5667,1536,0,1
C00081,S00081,2023-07-20,2028-01-16,106,105.91,0,0.0,,19,0.6333,1641,0,1
C00082,S00082,2021-11-07,2024-01-04,85,85.38,1,0.0013,,25,0.8333,788,0,1
C00083,S00083,2023-11-07,,118,117.71,0,0.0,REF957,33,1.1,187,1,0
C00084,S00084,2020-10-12,2025-01-21,63,62.8,2,0.0013,,7,0.2333,1562,0,1
C00085,S00085,2020-10-18,2023-08-02,99,99.24,1,0.001,REF801,32,1.0667,1018,1,1
C00086,S00086,2021-08-09,2025-05-22,88,88.28,1,0.0007,,20,0.6667,1382,0,1
C00087,S00087,2020-06-24,,72,72.2,1,0.0072,REF806,21,0.7,138,1,0
C00088,S00088,2020-02-13,2021-09-08,79,79.28,1,0.0017,,13,0.4333,573,0,1
C00089,S00089,2021-07-10,2023-01-17,106,105.54,3,0.0054,,29,0.9667,556,0,1
C00090,S00090,2022-03-17,2025-10-13,119,119.49,3,0.0023,,25,0.8333,1306,0,1
C00091,S00091,2021-02-20,2024-07-19,125,125.28,5,0.004,,32,1.0667,1245,0,1
C00092,S00092,2021-02-10,,116,116.39,1,0.0007,,28,0.9333,1348,0,0
C00093,S00093,2020-05-25,2022-06-15,83,82.53,2,0.0027,REF399,21,0.7,751,1,1
C00094,S00094,2020-06-17,,50,49.62,1,0.0017,REF955,16,0.5333,601,1,0
C00095,S00095,2023-08-17,2024-09-09,112,111.98,1,0.0026,,42,1.4,389,0,1
C00096,S00096,2020-04-08,,80,80.33,1,0.002,REF466,33,1.1,501,1,0
C00097,S00097,2022-11-19,2023-10-30,96,95.69,2,0.0058,REF459,26,0.8667,345,1,1
C00098,S00098,2022-12-07,2027-01-07,57,56.84,3,0.002,REF943,20,0.6667,1492,1,1
C00099,S00099,2020-10-31,,131,130.8,1,0.0008,,21,0.7,1239,0,0
C00100,S00100,2021-01-06,,70,70.47,1,0.0008,,18,0.6,1239,0,0
C00101,S00101,2021-07-05,2025-11-22,107,107.43,3,0.0019,REF780,33,1.1,1601,1,1
C00102,S00102,2022-09-15,2026-05-23,83,83.44,6,0.0045,,18,0.6,1346,0,1
C00103,S00103,2020-02-24,2021-11-02,82,82.18,2,0.0032,,29,0.9667,617,0,1
C00104,S00104,2023-05-08,2025-01-01,97,96.68,1,0.0017,,45,1.5,604,0,1
C00105,S00105,2021-05-26,2022-03-03,68,68.3,1,0.0036,,39,1.3,281,0,1
C00106,S00106,2022-01-19,2025-08-27,94,94.23,2,0.0015,,28,0.9333,1316,0,1
C00107,S00107,2023-09-26,,89,89.39,1,0.0006,,32,1.0667,1581,0,0
C00108,S00108,2020-07-18,2024-02-10,60,59.82,2,0.0015,,28,0.9333,1302,0,1
C00109,S00109,2023-11-22,,86,86.5,4,0.0046,,8,0.2667,878,0,0
C00110,S00110,2022-07-10,,66,66.35,1,0.0016,,9,0.3,639,0,0
C00111,S00111,2021-10-02,2024-01-02,105,105.06,2,0.0024,,29,0.9667,822,0,1
C00112,S00112,2020-04-17,,75,74.67,1,0.0019,,29,0.9667,530,0,0
C00113,S00113,2020-04-11,,56,56.14,5,0.0144,,28,0.9333,347,0,0
C00114,S00114,2023-05-10,2025-07-28,88,88.16,4,0.0049,,27,0.9,810,0,1
C00115,S00115,2021-08-25,,96,95.97,0,0.0,REF359,32,1.0667,471,1,0
C00116,S00116,2023-02-16,,64,63.91,6,0.0045,,49,1.6333,1346,0,0
C00117,S00117,2023-06-03,2027-11-26,61,60.89,1,0.0006,,19,0.6333,1637,0,1
C00118,S00118,2021-08-26,2022-09-26,95,94.86,2,0.0051,,14,0.4667,396,0,1
C00119,S00119,2021-04-19,2021-06-28,121,120.62,4,0.0571,,7,0.2333,70,0,1
C00120,S00120,2021-02-07,,91,90.9,1,0.0006,,35,1.1667,1581,0,0
C00121,S00121,2022-08-12,,97,97.48,1,0.0018,,16,0.5333,571,0,0
C00122,S00122,2022-11-30,,76,75.69,2,0.004,,12,0.4,504,0,0
C00123,S00123,2021-06-08,,61,61.47,3,0.0019,,25,0.8333,1548,0,0
C00124,S00124,2022-04-30,2026-06-28,76,75.74,0,0.0,,10,0.3333,1520,0,1
C00125,S00125,2022-03-20,,76,76.25,2,0.0019,,25,0.8333,1070,0,0
C00126,S00126,2020-08-05,2021-07-02,74,73.94,3,0.0091,,19,0.6333,331,0,1
C00127,S00127,2022-02-27,,73,72.56,2,0.0016,REF685,31,1.0333,1287,1,0
C00128,S00128,2023-02-12,2026-10-20,69,68.93,2,0.0015,,29,0.9667,1346,0,1
C00129,S00129,2023-12-14,,82,81.53,0,0.0,,33,1.1,831,0,0
C00130,S00130,2021-05-15,,86,85.63,0,0.0,,26,0.8667,1036,0,0
C00131,S00131,2020-12-23,2023-09-12,96,96.08,5,0.005,,15,0.5,993,0,1
C00132,S00132,2023-09-02,,25,25.0,1,0.0008,,23,0.7667,1210,0,0
C00133,S00133,2023-10-11,2026-05-25,102,102.22,2,0.0021,,36,1.2,957,0,1
C00134,S00134,2023-05-29,,94,93.87,2,0.0011,,58,1.9333,1754,0,0
C00135,S00135,2021-05-18,2021-09-16,89,89.45,3,0.0248,,27,0.9,121,0,1
C00136,S00136,2021-02-17,,97,96.79,2,0.0132,,32,1.0667,151,0,0
C00137,S00137,2022-07-26,2023-06-14,94,94.07,2,0.0062,REF414,34,1.1333,323,1,1
C00138,S00138,2021-01-17,2021-12-02,104,103.5,2,0.0063,,31,1.0333,319,0,1
C00139,S00139,2023-02-28,,67,66.86,2,0.0022,,25,0.8333,927,0,0
C00140,S00140,2021-08-19,2022-03-04,60,60.13,1,0.0051,,46,1.5333,197,0,1
C00141,S00141,2021-05-05,2022-06-01,138,137.82,0,0.0,,37,1.2333,392,0,1
C00142,S00142,2023-04-21,2025-12-10,106,105.8,3,0.0031,,24,0.8,964,0,1
C00143,S00143,2021-06-16,,98,97.51,5,0.0031,,35,1.1667,1625,0,0
C00144,S00144,2020-07-14,2024-07-09,111,111.31,0,0.0,,36,1.2,1456,0,1
C00145,S00145,2023-04-07,2024-06-17,96,95.94,1,0.0023,,23,0.7667,437,0,1
C00146,S00146,2021-04-19,2021-09-21,89,88.86,4,0.0258,,53,1.7667,155,0,1
C00147,S00147,2022-09-09,2026-05-16,62,61.62,1,0.0007,,17,0.5667,1345,0,1
C00148,S00148,2022-09-15,2026-08-01,85,84.89,2,0.0014,,51,1.7,1416,0,1
C00149,S00149,2020-05-04,2024-12-05,74,74.22,2,0.0012,REF656,24,0.8,1676,1,1
C00150,S00150,2020-02-20,2022-05-13,83,83.42,2,0.0025,,36,1.2,813,0,1
C00151,S00151,2023-05-15,2023-10-23,103,102.83,2,0.0124,REF223,22,0.7333,161,1,1
C00152,S00152,2020-03-24,2024-11-16,62,61.86,2,0.0012,REF136,19,0.6333,1698,1,1
C00153,S00153,2021-05-12,,51,50.91,0,0.0,REF966,43,1.4333,560,1,0
C00154,S00154,2023-02-17,,62,61.59,2,0.0028,,43,1.4333,725,0,0
C00155,S00155,2020-09-23,,84,83.97,0,0.0,REF164,38,1.2667,780,1,0
C00156,S00156,2022-02-22,,73,72.81,4,0.0023,,33,1.1,1773,0,0
C00157,S00157,2020-06-22,2022-05-11,108,107.6,3,0.0044,,23,0.7667,688,0,1
C00158,S00158,2022-04-16,2025-02-07,81,81.42,3,0.0029,,22,0.7333,1028,0,1
C00159,S00159,2022-12-06,2025-06-30,117,117.29,1,0.0011,,15,0.5,937,0,1
C00160,S00160,2021-01-08,,97,97.36,3,0.0017,REF460,30,1.0,1782,1,0
C00161,S00161,2021-02-26,,104,103.67,0,0.0,,18,0.6,1717,0,0
C00162,S00162,2022-03-08,,86,85.61,2,0.0017,,14,0.4667,1159,0,0
C00163,S00163,2023-04-01,,102,102.11,4,0.0164,,11,0.3667,244,0,0
C00164,S00164,2022-03-28,2024-01-19,82,82.45,1,0.0015,,36,1.2,662,0,1
C00165,S00165,2022-11-18,,68,67.89,2,0.0016,REF275,38,1.2667,1218,1,0
C00166,S00166,2021-09-12,2025-09-08,92,91.55,1,0.0007,REF113,18,0.6,1457,1,1
C00167,S00167,2020-07-12,2024-04-10,67,67.13,3,0.0022,,32,1.0667,1368,0,1
C00168,S00168,2023-12-17,2026-06-11,44,43.85,5,0.0055,,33,1.1,907,0,1
C00169,S00169,2023-04-09,2026-08-17,97,96.64,0,0.0,,11,0.3667,1226,0,1
C00170,S00170,2020-03-14,2021-11-01,105,105.29,5,0.0084,,19,0.6333,597,0,1
C00171,S00171,2021-02-17,2024-04-28,40,40.39,1,0.0009,,19,0.6333,1166,0,1
C00172,S00172,2021-09-14,2024-02-23,77,77.24,5,0.0056,,22,0.7333,892,0,1
C00173,S00173,2020-05-02,,99,99.13,1,0.0008,,36,1.2,1249,0,0
C00174,S00174,2023-07-10,,74,74.12,4,0.0025,,19,0.6333,1577,0,0
C00175,S00175,2020-09-16,2024-10-11,112,111.85,1,0.0007,,34,1.1333,1486,0,1
C00176,S00176,2020-11-05,,67,67.11,3,0.0022,,26,0.8667,1334,0,0
C00177,S00177,2021-04-20,2025-02-14,65,64.83,2,0.0014,,14,0.4667,1396,0,1
C00178,S00178,2023-11-03,2024-10-30,72,72.31,3,0.0083,,31,1.0333,362,0,1
C00179,S00179,2020-12-04,2021-12-20,61,60.85,1,0.0026,REF773,16,0.5333,381,1,1
C00180,S00180,2021-09-30,2025-11-27,97,96.75,1,0.0007,,31,1.0333,1519,0,1
C00181,S00181,2022-10-20,,69,68.66,2,0.002,REF354,37,1.2333,1001,1,0
C00182,S00182,2020-08-22,,103,103.16,1,0.0012,,34,1.1333,810,0,0
C00183,S00183,2020-05-13,,76,75.53,1,0.0008,,41,1.3667,1217,0,0
C00184,S00184,2020-05-19,,95,94.85,1,0.0049,,16,0.5333,204,0,0
C00185,S00185,2020-10-02,,114,113.57,1,0.0029,,22,0.7333,347,0,0
C00186,S00186,2021-05-05,,38,38.49,2,0.0063,,33,1.1,316,0,0
C00187,S00187,2023-11-12,2026-09-22,74,74.04,2,0.0019,,53,1.7667,1045,0,1
C00188,S00188,2023-10-11,2024-04-03,57,56.73,1,0.0057,,39,1.3,175,0,1
C00189,S00189,2022-05-03,2022-09-17,89,88.95,2,0.0146,REF817,10,0.3333,137,1,1
C00190,S00190,2023-11-09,2027-03-30,102,102.47,0,0.0,,29,0.9667,1237,0,1
C00191,S00191,2020-02-13,2023-10-13,50,50.22,1,0.0007,REF594,38,1.2667,1338,1,1
C00192,S00192,2022-04-24,,55,54.95,2,0.0039,,29,0.9667,508,0,0
C00193,S00193,2021-10-28,2025-04-12,87,87.12,1,0.0008,REF681,18,0.6,1262,1,1
C00194,S00194,2020-06-26,2021-02-08,60,60.25,2,0.0088,,31,1.0333,227,0,1
C00195,S00195,2022-04-09,,68,68.0,2,0.0026,REF701,32,1.0667,772,1,0
C00196,S00196,2021-11-15,,71,70.62,1,0.0014,,47,1.5667,696,0,0
C00197,S00197,2023-02-19,2024-12-12,97,97.02,1,0.0015,,4,0.1333,662,0,1
C00198,S00198,2021-09-18,2026-01-03,71,70.62,5,0.0032,,26,0.8667,1568,0,1
C00199,S00199,2021-10-05,2022-04-19,89,89.08,4,0.0204,,30,1.0,196,0,1
C00200,S00200,2020-12-12,2024-02-08,77,77.14,4,0.0035,,24,0.8,1153,0,1
C00201,S00201,2021-12-09,2023-05-29,84,83.91,1,0.0019,,32,1.0667,536,0,1
C00202,S00202,2020-04-24,2022-10-17,25,25.0,1,0.0011,REF272,29,0.9667,906,1,1
C00203,S00203,2022-04-29,2023-06-13,102,102.03,1,0.0024,REF509,39,1.3,410,1,1
C00204,S00204,2021-07-26,2025-03-22,81,81.34,6,0.0045,,35,1.1667,1335,0,1
C00205,S00205,2021-02-14,2021-07-29,106,105.6,5,0.0303,,13,0.4333,165,0,1
C00206,S00206,2021-07-11,2022-01-19,90,89.55,2,0.0104,,31,1.0333,192,0,1
C00207,S00207,2023-08-30,2025-05-23,106,105.96,2,0.0032,,34,1.1333,632,0,1
C00208,S00208,2022-11-21,2027-04-05,108,108.14,1,0.0006,,23,0.7667,1596,0,1
C00209,S00209,2023-07-02,,38,38.43,0,0.0,,22,0.7333,101,0,0
C00210,S00210,2021-08-14,2022-08-18,32,32.05,3,0.0081,,15,0.5,369,0,1
C00211,S00211,2021-08-13,2024-02-14,81,80.9,0,0.0,,42,1.4,915,0,1
C00212,S00212,2020-01-20,2020-04-26,64,63.96,0,0.0,,21,0.7,97,0,1
C00213,S00213,2022-10-20,,87,86.74,0,0.0,,31,1.0333,989,0,0
C00214,S00214,2020-01-31,2021-12-21,63,63.18,0,0.0,,38,1.2667,690,0,1
C00215,S00215,2023-12-29,2027-03-26,96,95.65,1,0.0008,,33,1.1,1183,0,1
C00216,S00216,2022-10-28,2023-04-07,99,98.77,3,0.0186,,11,0.3667,161,0,1
C00217,S00217,2021-11-29,2022-12-01,94,93.96,2,0.0054,REF799,17,0.5667,367,1,1
C00218,S00218,2022-09-18,,98,97.57,3,0.0086,,35,1.1667,350,0,0
C00219,S00219,2024-01-30,2027-10-04,100,99.65,2,0.0015,,38,1.2667,1343,0,1
C00220,S00220,2020-08-28,,67,67.2,4,0.003,,14,0.4667,1345,0,0
C00221,S00221,2023-01-23,2023-10-12,113,112.92,1,0.0038,REF310,26,0.8667,262,1,1
C00222,S00222,2023-07-23,2025-08-25,97,97.29,4,0.0052,,33,1.1,764,0,1
C00223,S00223,2022-05-29,,135,134.94,3,0.0023,REF202,25,0.8333,1284,1,0
C00224,S00224,2022-09-20,2022-12-01,55,54.55,3,0.0417,REF472,10,0.3333,72,1,1
C00225,S00225,2022-01-29,2022-09-21,118,118.2,2,0.0085,REF903,33,1.1,235,1,1
C00226,S00226,2020-08-19,2023-11-12,76,76.44,0,0.0,REF389,24,0.8,1180,1,1
C00227,S00227,2024-01-11,2026-11-18,80,80.3,2,0.0019,,13,0.4333,1042,0,1
C00228,S00228,2021-03-07,2024-09-17,61,60.83,1,0.0008,,12,0.4,1290,0,1
C00229,S00229,2021-08-01,,53,52.92,2,0.0023,REF445,11,0.3667,871,1,0
C00230,S00230,2023-12-31,2028-06-16,96,96.36,2,0.0012,,30,1.0,1629,0,1
C00231,S00231,2020-03-25,,45,45.11,1,0.0036,REF213,41,1.3667,278,1,0
C00232,S00232,2021-09-03,2022-07-29,98,98.01,3,0.0091,REF753,19,0.6333,329,1,1
C00233,S00233,2022-04-13,2025-06-21,60,60.17,2,0.0017,,29,0.9667,1165,0,1
C00234,S00234,2020-12-21,2025-03-21,86,85.76,1,0.0006,,35,1.1667,1551,0,1
C00235,S00235,2022-10-02,2023-01-09,58,57.87,3,0.0303,,18,0.6,99,0,1
C00236,S00236,2022-02-25,2025-09-10,98,98.37,0,0.0,,53,1.7667,1293,0,1
C00237,S00237,2021-01-28,2025-11-15,69,68.65,1,0.0006,,39,1.3,1752,0,1
C00238,S00238,2020-11-04,,86,86.46,2,0.0019,,27,0.9,1040,0,0
C00239,S00239,2021-03-05,,75,74.99,1,0.0007,REF403,27,0.9,1506,1,0
C00240,S00240,2023-04-02,2024-08-29,92,92.1,1,0.0019,REF252,29,0.9667,515,1,1
C00241,S00241,2022-02-20,,126,126.25,0,0.0,,23,0.7667,1460,0,0
C00242,S00242,2023-04-06,2025-08-09,65,65.24,0,0.0,REF191,25,0.8333,856,1,1
C00243,S00243,2022-12-13,,60,59.55,1,0.0017,,29,0.9667,579,0,0
C00244,S00244,2023-04-16,,115,115.0,2,0.005,,37,1.2333,404,0,0
C00245,S00245,2023-07-06,,53,52.87,1,0.0006,REF382,20,0.6667,1544,1,0
C00246,S00246,2022-07-14,2026-02-11,90,90.49,3,0.0023,REF282,23,0.7667,1308,1,1
C00247,S00247,2021-06-24,,101,101.32,4,0.0028,,23,0.7667,1432,0,0
C00248,S00248,2022-11-07,2026-05-14,127,126.96,1,0.0008,,37,1.2333,1284,0,1
C00249,S00249,2023-11-17,2025-04-04,129,129.12,1,0.002,,41,1.3667,504,0,1
C00250,S00250,2021-04-27,,115,115.44,4,0.0102,,32,1.0667,393,0,0
C00251,S00251,2022-01-01,2025-04-02,71,70.99,3,0.0025,,35,1.1667,1187,0,1
C00252,S00252,2023-08-11,2024-12-22,98,98.33,3,0.006,,36,1.2,499,0,1
C00253,S00253,2022-06-14,,59,58.65,1,0.0008,REF545,34,1.1333,1187,1,0
C00254,S00254,2020-08-04,2025-01-17,73,73.22,0,0.0,,48,1.6,1627,0,1
C00255,S00255,2021-06-09,2025-03-03,95,95.01,4,0.0029,,27,0.9,1363,0,1
C00256,S00256,2021-01-16,,82,82.21,0,0.0,,36,1.2,880,0,0
C00257,S00257,2021-12-17,2026-06-15,113,112.88,3,0.0018,,19,0.6333,1641,0,1
C00258,S00258,2024-01-29,2026-11-12,80,79.88,1,0.001,,37,1.2333,1018,0,1
C00259,S00259,2023-06-13,,69,69.23,2,0.0023,,28,0.9333,877,0,0
C00260,S00260,2023-12-11,2028-09-03,82,81.52,1,0.0006,,18,0.6,1728,0,1
C00261,S00261,2023-01-17,,110,109.79,4,0.0062,,10,0.3333,643,0,0
C00262,S00262,2022-01-31,,105,105.4,2,0.0048,,42,1.4,420,0,0
C00263,S00263,2022-09-16,2023-07-14,78,78.19,3,0.01,,24,0.8,301,0,1
C00264,S00264,2022-01-18,2025-03-14,72,72.03,1,0.0009,REF483,21,0.7,1151,1,1
C00265,S00265,2020-03-02,,65,64.96,0,0.0,,26,0.8667,947,0,0
C00266,S00266,2020-06-24,2024-04-30,51,51.24,3,0.0021,,15,0.5,1406,0,1
C00267,S00267,2022-04-12,2023-02-21,49,48.98,3,0.0095,,29,0.9667,315,0,1
C00268,S00268,2022-09-16,,77,77.38,0,0.0,,25,0.8333,615,0,0
C00269,S00269,2021-01-15,,103,102.84,1,0.0037,,37,1.2333,270,0,0
C00270,S00270,2020-02-16,,95,94.75,0,0.0,,41,1.3667,597,0,0
C00271,S00271,2020-04-14,,64,64.47,3,0.0017,,17,0.5667,1730,0,0
C00272,S00272,2021-04-16,2025-09-22,76,76.42,3,0.0019,,30,1.0,1620,0,1
C00273,S00273,2023-07-15,,67,67.1,4,0.0043,,34,1.1333,923,0,0
C00274,S00274,2021-09-19,,57,57.34,1,0.0043,REF546,55,1.8333,232,1,0
C00275,S00275,2023-12-31,2028-11-25,118,117.77,5,0.0028,,47,1.5667,1791,0,1
C00276,S00276,2023-09-02,2024-07-31,103,103.1,4,0.012,,15,0.5,333,0,1
C00277,S00277,2023-07-11,2024-03-02,101,101.36,0,0.0,,40,1.3333,235,0,1
C00278,S00278,2023-12-23,,82,81.97,1,0.0013,REF429,13,0.4333,775,1,0
C00279,S00279,2020-12-29,,56,56.42,1,0.0006,,42,1.4,1697,0,0
C00280,S00280,2023-12-31,2027-12-19,104,103.73,2,0.0014,,35,1.1667,1449,0,1
C00281,S00281,2023-10-17,2025-09-01,105,105.39,6,0.0088,,34,1.1333,685,0,1
C00282,S00282,2023-04-13,2025-08-11,66,65.82,2,0.0024,,37,1.2333,851,0,1
C00283,S00283,2020-10-15,2021-03-29,100,100.24,3,0.0182,REF187,32,1.0667,165,1,1
C00284,S00284,2021-03-10,2022-08-22,43,42.68,2,0.0038,REF798,28,0.9333,530,1,1
C00285,S00285,2022-09-05,,103,102.79,1,0.0008,,29,0.9667,1225,0,0
C00286,S00286,2020-03-09,2022-05-09,110,109.89,2,0.0025,,24,0.8,791,0,1
C00287,S00287,2023-05-17,2028-03-14,93,92.71,1,0.0006,,34,1.1333,1763,0,1
C00288,S00288,2021-09-30,2024-01-13,79,79.23,2,0.0024,,28,0.9333,835,0,1
C00289,S00289,2020-02-02,2024-04-14,102,102.46,3,0.002,REF592,36,1.2,1533,1,1
C00290,S00290,2021-03-22,,79,78.65,1,0.0008,,29,0.9667,1325,0,0
C00291,S00291,2021-08-15,2024-03-15,73,72.62,0,0.0,REF265,56,1.8667,943,1,1
C00292,S00292,2022-09-09,,58,57.51,5,0.0032,REF167,22,0.7333,1571,1,0
C00293,S00293,2022-06-22,2026-10-14,126,126.45,4,0.0025,,26,0.8667,1575,0,1
C00294,S00294,2021-07-10,2023-03-20,104,103.91,2,0.0032,,25,0.8333,618,0,1
C00295,S00295,2022-07-18,,77,76.63,2,0.0037,,30,1.0,544,0,0
C00296,S00296,2023-08-29,2027-03-13,79,78.9,2,0.0015,,21,0.7,1292,0,1
C00297,S00297,2021-06-09,2021-09-24,56,55.92,2,0.0187,,35,1.1667,107,0,1
C00298,S00298,2021-07-15,2025-01-15,73,72.71,3,0.0023,,28,0.9333,1280,0,1
C00299,S00299,2020-06-01,2022-08-26,121,120.65,0,0.0,,11,0.3667,816,0,1
C00300,S00300,2021-07-20,2025-05-14,102,101.67,2,0.0014,,35,1.1667,1394,0,1
C00301,S00301,2021-03-02,,57,57.17,0,0.0,REF944,51,1.7,286,1,0
C00302,S00302,2023-02-12,,81,81.43,4,0.0038,,33,1.1,1060,0,0
C00303,S00303,2020-06-18,2023-03-07,101,100.89,0,0.0,,14,0.4667,992,0,1
C00304,S00304,2022-06-04,2022-08-28,94,93.7,2,0.0235,,27,0.9,85,0,1
C00305,S00305,2023-03-04,2025-10-31,62,62.46,1,0.001,,26,0.8667,972,0,1
C00306,S00306,2021-01-17,2024-05-02,104,103.57,4,0.0033,REF930,15,0.5,1201,1,1
C00307,S00307,2020-04-11,2022-05-16,121,121.29,2,0.0026,,36,1.2,765,0,1
C00308,S00308,2022-10-12,2025-11-10,110,110.01,0,0.0,,28,0.9333,1125,0,1
C00309,S00309,2022-06-01,2024-02-18,128,127.5,1,0.0016,,30,1.0,627,0,1
C00310,S00310,2022-04-24,,36,35.97,0,0.0,REF269,42,1.4,1124,1,0
C00311,S00311,2023-08-12,,66,65.58,0,0.0,,44,1.4667,483,0,0
C00312,S00312,2020-06-05,,94,93.68,1,0.0018,REF479,24,0.8,549,1,0
C00313,S00313,2020-10-23,2021-04-24,113,112.7,0,0.0,,12,0.4,183,0,1
C00314,S00314,2021-12-01,2022-07-19,103,102.96,2,0.0087,REF623,19,0.6333,230,1,1
C00315,S00315,2022-04-23,2023-02-11,91,91.22,2,0.0068,,23,0.7667,294,0,1
C00316,S00316,2023-10-10,2024-11-02,72,72.04,1,0.0026,REF494,33,1.1,389,1,1
C00317,S00317,2022-07-17,,44,44.42,2,0.0015,,30,1.0,1310,0,0
C00318,S00318,2020-11-13,2022-01-23,82,82.43,4,0.0092,,41,1.3667,436,0,1
C00319,S00319,2023-07-01,,107,106.52,3,0.0044,,20,0.6667,678,0,0
C00320,S00320,2021-09-13,2022-09-10,111,110.76,1,0.0028,,37,1.2333,362,0,1
C00321,S00321,2023-07-26,,97,97.08,1,0.0013,,41,1.3667,797,0,0
C00322,S00322,2021-02-17,,78,77.8,0,0.0,,18,0.6,485,0,0
C00323,S00323,2023-04-02,,99,99.31,1,0.0016,REF851,18,0.6,632,1,0
C00324,S00324,2022-03-16,2022-09-11,57,57.46,4,0.0223,,20,0.6667,179,0,1
C00325,S00325,2022-04-13,2024-11-06,78,78.08,1,0.0011,,38,1.2667,938,0,1
C00326,S00326,2024-01-02,2025-06-13,95,95.38,2,0.0038,,35,1.1667,528,0,1
C00327,S00327,2020-08-19,2023-11-25,67,67.22,0,0.0,,26,0.8667,1193,0,1
C00328,S00328,2021-04-09,,85,84.6,1,0.0006,,27,0.9,1796,0,0
C00329,S00329,2020-10-01,,65,64.51,1,0.0011,,16,0.5333,904,0,0
C00330,S00330,2023-06-03,,87,86.81,2,0.0021,,31,1.0333,949,0,0
C00331,S00331,2023-06-29,,104,103.7,3,0.002,REF618,27,0.9,1505,1,0
C00332,S00332,2023-06-11,,75,74.59,5,0.0076,,29,0.9667,659,0,0
C00333,S00333,2020-12-23,,108,108.02,1,0.0033,,56,1.8667,305,0,0
C00334,S00334,2021-01-24,2024-08-29,67,67.18,1,0.0008,,19,0.6333,1313,0,1
C00335,S00335,2021-08-26,2024-11-28,108,108.11,3,0.0025,,19,0.6333,1190,0,1
C00336,S00336,2023-03-04,2025-07-27,83,82.69,1,0.0011,REF338,49,1.6333,876,1,1
C00337,S00337,2023-01-31,2025-02-01,95,94.99,3,0.0041,REF802,34,1.1333,732,1,1
C00338,S00338,2024-01-22,2024-05-12,92,91.88,6,0.0541,REF886,11,0.3667,111,1,1
C00339,S00339,2023-03-22,,102,101.54,2,0.0019,,42,1.4,1029,0,0
C00340,S00340,2023-12-02,2026-09-09,89,88.81,3,0.003,,22,0.7333,1012,0,1
C00341,S00341,2021-02-03,,75,74.68,2,0.0021,,26,0.8667,957,0,0
C00342,S00342,2022-06-27,2024-02-06,113,113.23,2,0.0034,,40,1.3333,589,0,1
C00343,S00343,2022-03-10,2023-01-28,127,126.76,1,0.0031,,18,0.6,324,0,1
C00344,S00344,2020-08-15,2023-07-04,124,123.66,0,0.0,,20,0.6667,1053,0,1
C00345,S00345,2023-11-21,2027-01-02,81,80.89,0,0.0,,19,0.6333,1138,0,1
C00346,S00346,2020-06-28,2021-06-24,91,90.92,0,0.0,,25,0.8333,361,0,1
C00347,S00347,2023-07-06,2024-03-31,63,62.83,2,0.0074,,36,1.2,269,0,1
C00348,S00348,2021-02-04,2023-07-23,93,93.24,2,0.0022,,31,1.0333,899,0,1
C00349,S00349,2020-11-28,2021-04-20,119,119.43,0,0.0,,28,0.9333,143,0,1
C00350,S00350,2022-06-20,,84,83.93,2,0.0051,,24,0.8,396,0,0
C00351,S00351,2021-12-02,,47,47.03,1,0.0009,,14,0.4667,1167,0,0
C00352,S00352,2021-08-02,2023-03-04,84,84.14,2,0.0035,,30,1.0,579,0,1
C00353,S00353,2023-09-16,,101,101.0,3,0.0035,,26,0.8667,861,0,0
C00354,S00354,2022-11-14,2026-04-22,90,90.15,3,0.0024,REF162,16,0.5333,1255,1,1
C00355,S00355,2022-07-02,2023-07-04,82,82.39,1,0.0027,REF865,24,0.8,367,1,1
C00356,S00356,2023-03-27,2024-06-25,84,84.29,6,0.0132,,40,1.3333,456,0,1
C00357,S00357,2023-04-19,,56,56.31,2,0.0035,,36,1.2,577,0,0
C00358,S00358,2020-09-27,2022-11-21,51,51.46,3,0.0038,REF731,24,0.8,785,1,1
C00359,S00359,2021-10-24,2024-08-23,61,60.58,2,0.0019,REF925,42,1.4,1034,1,1
C00360,S00360,2023-09-19,2024-03-24,108,108.17,1,0.0053,,12,0.4,187,0,1
C00361,S00361,2023-05-06,2025-10-06,103,102.78,0,0.0,REF918,41,1.3667,884,1,1
C00362,S00362,2020-03-31,2023-09-07,54,53.91,6,0.0048,REF144,19,0.6333,1255,1,1
C00363,S00363,2021-01-04,2025-03-25,96,95.75,0,0.0,REF494,21,0.7,1541,1,1
C00364,S00364,2021-02-01,2023-10-26,94,93.98,4,0.004,,45,1.5,997,0,1
C00365,S00365,2022-02-09,,68,68.05,0,0.0,,15,0.5,1148,0,0
C00366,S00366,2023-05-07,2027-05-21,74,74.5,2,0.0014,,20,0.6667,1475,0,1
C00367,S00367,2021-12-25,,101,100.61,3,0.0023,,15,0.5,1325,0,0
C00368,S00368,2020-10-02,2023-06-20,105,105.01,2,0.002,,18,0.6,991,0,1
C00369,S00369,2022-04-15,2025-02-23,97,96.6,7,0.0067,,32,1.0667,1045,0,1
C00370,S00370,2020-11-26,2025-10-20,107,106.54,1,0.0006,REF164,35,1.1667,1789,1,1
C00371,S00371,2022-10-14,2026-07-22,88,87.55,1,0.0007,,30,1.0,1377,0,1
C00372,S00372,2024-01-03,2025-04-26,103,103.08,1,0.0021,,22,0.7333,479,0,1
C00373,S00373,2022-08-06,2024-12-02,141,141.05,0,0.0,,22,0.7333,849,0,1
C00374,S00374,2023-09-30,,87,86.86,2,0.0015,REF111,35,1.1667,1351,1,0
C00375,S00375,2022-03-27,2024-11-19,98,98.49,1,0.001,REF924,7,0.2333,968,1,1
C00376,S00376,2023-05-04,2025-07-24,62,62.11,1,0.0012,,28,0.9333,812,0,1
C00377,S00377,2023-11-11,2026-12-03,100,100.3,1,0.0009,,36,1.2,1118,0,1
C00378,S00378,2020-09-17,,104,104.06,0,0.0,,35,1.1667,714,0,0
C00379,S00379,2022-09-25,,78,78.09,2,0.0016,,28,0.9333,1240,0,0
C00380,S00380,2021-01-17,2024-09-10,104,104.38,3,0.0023,REF322,35,1.1667,1332,1,1
C00381,S00381,2020-05-07,,72,72.49,2,0.0012,REF154,55,1.8333,1622,1,0
C00382,S00382,2020-12-18,2025-09-05,83,83.25,1,0.0006,,11,0.3667,1722,0,1
C00383,S00383,2020-08-01,2024-02-19,117,116.99,1,0.0008,,30,1.0,1297,0,1
C00384,S00384,2020-10-10,2024-07-15,112,112.3,3,0.0022,,21,0.7,1374,0,1
C00385,S00385,2020-01-11,2023-11-14,102,101.78,0,0.0,,18,0.6,1403,0,1
C00386,S00386,2023-12-26,,113,112.83,1,0.0016,,47,1.5667,634,0,0
C00387,S00387,2021-10-22,2026-05-02,64,63.79,2,0.0012,,46,1.5333,1653,0,1
C00388,S00388,2020-09-06,2023-04-11,73,72.63,5,0.0053,REF946,19,0.6333,947,1,1
C00389,S00389,2021-05-29,,95,94.97,1,0.0006,,39,1.3,1569,0,0
C00390,S00390,2023-01-25,,53,53.2,3,0.0069,,24,0.8,437,0,0
C00391,S00391,2022-08-06,,82,81.84,3,0.005,,28,0.9333,599,0,0
C00392,S00392,2020-03-17,2023-04-30,124,123.57,3,0.0026,REF466,24,0.8,1139,1,1
C00393,S00393,2020-08-09,2023-07-11,95,95.38,4,0.0038,REF206,24,0.8,1066,1,1
C00394,S00394,2022-03-26,2024-04-24,79,79.13,0,0.0,REF329,17,0.5667,760,1,1
C00395,S00395,2023-12-25,,82,82.48,1,0.0023,,32,1.0667,444,0,0
C00396,S00396,2020-04-16,2021-07-16,62,61.86,6,0.0132,,47,1.5667,456,0,1
C00397,S00397,2023-07-17,2027-03-02,81,80.71,2,0.0015,,23,0.7667,1324,0,1
C00398,S00398,2020-04-02,2020-07-07,69,68.95,2,0.0208,REF112,38,1.2667,96,1,1
C00399,S00399,2022-01-13,2022-10-07,65,64.74,2,0.0075,,22,0.7333,267,0,1
C00400,S00400,2020-12-11,2025-07-08,72,71.53,4,0.0024,,40,1.3333,1670,0,1
C00401,S00401,2021-09-27,2026-07-26,86,86.43,0,0.0,,37,1.2333,1763,0,1
C00402,S00402,2023-10-20,,94,94.33,2,0.0102,,43,1.4333,197,0,0
C00403,S00403,2020-11-19,2021-09-22,66,65.6,1,0.0033,,45,1.5,307,0,1
C00404,S00404,2022-08-16,2024-05-09,69,68.59,4,0.0063,,26,0.8667,632,0,1
C00405,S00405,2021-05-14,2024-04-27,42,42.47,0,0.0,,42,1.4,1079,0,1
C00406,S00406,2022-09-04,2023-09-30,109,108.8,1,0.0026,,21,0.7,391,0,1
C00407,S00407,2020-03-23,,79,78.94,2,0.0011,,32,1.0667,1769,0,0
C00408,S00408,2021-03-22,2023-09-27,101,100.66,5,0.0054,,19,0.6333,919,0,1
C00409,S00409,2023-12-07,,70,70.22,1,0.001,,20,0.6667,994,0,0
C00410,S00410,2022-12-21,2024-01-24,95,94.53,2,0.005,,31,1.0333,399,0,1
C00411,S00411,2023-11-06,2025-06-23,107,107.1,1,0.0017,,30,1.0,595,0,1
C00412,S00412,2022-10-19,2026-06-21,103,103.35,2,0.0015,,47,1.5667,1341,0,1
C00413,S00413,2020-10-04,,92,91.54,0,0.0,,20,0.6667,1160,0,0
C00414,S00414,2021-11-23,2023-02-17,113,113.18,3,0.0067,,26,0.8667,451,0,1
C00415,S00415,2023-08-09,2025-11-14,110,110.31,2,0.0024,,23,0.7667,828,0,1
C00416,S00416,2022-10-20,2023-11-06,107,107.49,1,0.0026,,14,0.4667,382,0,1
C00417,S00417,2022-02-19,,42,41.55,0,0.0,,22,0.7333,769,0,0
C00418,S00418,2023-07-24,2024-10-03,63,62.85,0,0.0,REF708,32,1.0667,437,1,1
C00419,S00419,2020-06-19,2025-04-18,76,75.57,0,0.0,,32,1.0667,1764,0,1
C00420,S00420,2023-12-11,2025-07-10,116,116.48,1,0.0017,,30,1.0,577,0,1
C00421,S00421,2020-07-08,2022-12-09,84,84.36,0,0.0,,22,0.7333,884,0,1
C00422,S00422,2024-02-03,,62,62.02,1,0.0009,REF941,33,1.1,1176,1,0
C00423,S00423,2023-04-21,,59,59.44,3,0.0229,,22,0.7333,131,0,0
C00424,S00424,2022-01-02,2023-03-02,36,36.19,1,0.0024,,32,1.0667,424,0,1
C00425,S00425,2021-12-15,2026-10-30,108,108.35,3,0.0017,,36,1.2,1780,0,1
C00426,S00426,2020-02-19,2023-08-14,51,50.65,3,0.0024,,35,1.1667,1272,0,1
C00427,S00427,2021-04-20,2022-08-13,59,58.96,2,0.0042,,20,0.6667,480,0,1
C00428,S00428,2020-12-09,2023-02-25,108,107.83,1,0.0012,,33,1.1,808,0,1
C00429,S00429,2022-11-26,2027-02-24,46,46.27,3,0.0019,,42,1.4,1551,0,1
C00430,S00430,2020-10-22,2021-11-28,56,56.08,2,0.005,,28,0.9333,402,0,1
C00431,S00431,2023-04-23,,75,74.58,4,0.0069,,50,1.6667,580,0,0
C00432,S00432,2021-03-26,2022-07-16,94,93.81,0,0.0,REF451,31,1.0333,477,1,1
C00433,S00433,2023-06-29,2026-10-27,80,80.29,0,0.0,,23,0.7667,1216,0,1
C00434,S00434,2021-06-24,2024-02-26,85,85.23,3,0.0031,,21,0.7,977,0,1
C00435,S00435,2023-02-02,2025-08-21,105,104.87,1,0.0011,,27,0.9,931,0,1
C00436,S00436,2022-09-30,2024-09-17,120,120.34,0,0.0,,29,0.9667,718,0,1
C00437,S00437,2024-01-24,,85,85.49,2,0.0032,REF875,35,1.1667,630,1,0
C00438,S00438,2022-02-27,2024-10-07,65,64.85,7,0.0073,,34,1.1333,953,0,1
C00439,S00439,2021-06-13,,56,55.75,2,0.0014,,30,1.0,1450,0,0
C00440,S00440,2022-09-01,,112,111.61,3,0.002,REF408,42,1.4,1473,1,0
C00441,S00441,2020-02-14,2024-01-09,81,80.65,0,0.0,REF513,48,1.6,1425,1,1
C00442,S00442,2023-12-28,,96,95.77,2,0.0144,,19,0.6333,139,0,0
C00443,S00443,2022-10-14,2025-04-13,135,134.89,2,0.0022,,19,0.6333,912,0,1
C00444,S00444,2020-03-14,,77,76.59,0,0.0,,38,1.2667,744,0,0
C00445,S00445,2020-09-15,2025-04-29,78,77.89,2,0.0012,REF292,32,1.0667,1687,1,1
C00446,S00446,2020-01-22,2022-03-14,120,119.66,0,0.0,,29,0.9667,782,0,1
C00447,S00447,2022-09-27,2024-01-29,82,82.15,3,0.0061,REF104,15,0.5,489,1,1
C00448,S00448,2022-09-25,,103,103.13,4,0.0081,,20,0.6667,496,0,0
C00449,S00449,2020-09-01,,114,114.09,0,0.0,REF246,36,1.2,398,1,0
C00450,S00450,2022-03-30,2024-07-05,110,110.29,2,0.0024,,13,0.4333,828,0,1
C00451,S00451,2022-01-04,2023-06-07,95,94.61,3,0.0058,REF624,10,0.3333,519,1,1
C00452,S00452,2021-12-25,2024-11-04,109,109.33,4,0.0038,REF189,35,1.1667,1045,1,1
C00453,S00453,2022-07-16,2023-10-20,67,67.07,5,0.0108,REF834,25,0.8333,461,1,1
C00454,S00454,2023-07-03,,53,52.79,0,0.0,REF924,35,1.1667,1077,1,0
C00455,S00455,2023-10-03,2026-11-07,130,129.98,1,0.0009,REF357,42,1.4,1131,1,1
C00456,S00456,2020-08-26,2024-01-03,81,81.37,2,0.0016,,21,0.7,1225,0,1
C00457,S00457,2023-11-17,2028-03-30,54,53.95,1,0.0006,,16,0.5333,1595,0,1
C00458,S00458,2022-05-10,2022-11-19,32,32.27,0,0.0,REF343,20,0.6667,193,1,1
C00459,S00459,2020-09-28,2021-02-27,51,50.88,1,0.0066,,17,0.5667,152,0,1
C00460,S00460,2023-10-29,,91,91.19,4,0.0047,,31,1.0333,860,0,0
C00461,S00461,2021-07-08,2024-02-20,65,64.58,0,0.0,,44,1.4667,957,0,1
C00462,S00462,2021-10-30,2025-08-08,62,61.98,3,0.0022,REF255,32,1.0667,1378,1,1
C00463,S00463,2023-12-21,2025-03-19,73,72.97,1,0.0022,,22,0.7333,454,0,1
C00464,S00464,2022-05-19,,54,54.06,2,0.0024,,39,1.3,851,0,0
C00465,S00465,2020-08-02,,97,97.09,1,0.0009,,29,0.9667,1123,0,0
C00466,S00466,2020-04-14,2023-07-30,77,76.97,1,0.0008,REF468,28,0.9333,1202,1,1
C00467,S00467,2023-05-15,2026-02-12,62,61.65,3,0.003,,45,1.5,1004,0,1
C00468,S00468,2021-06-07,,82,81.98,0,0.0,,19,0.6333,1087,0,0
C00469,S00469,2020-05-29,,82,81.8,2,0.0058,,40,1.3333,345,0,0
C00470,S00470,2020-03-03,2022-07-19,87,87.29,2,0.0023,,22,0.7333,868,0,1
C00471,S00471,2023-11-19,,110,110.36,2,0.002,REF913,14,0.4667,1002,1,0
C00472,S00472,2022-05-08,2022-11-21,82,82.11,3,0.0152,,37,1.2333,197,0,1
C00473,S00473,2022-02-25,2026-12-06,97,97.19,4,0.0023,,37,1.2333,1745,0,1
C00474,S00474,2022-06-04,2025-08-08,96,95.87,5,0.0043,,23,0.7667,1161,0,1
C00475,S00475,2021-09-20,2025-04-20,107,106.76,1,0.0008,,25,0.8333,1308,0,1
C00476,S00476,2023-11-27,2026-08-13,125,125.05,0,0.0,REF450,29,0.9667,990,1,1
C00477,S00477,2022-06-22,2027-01-26,94,94.15,3,0.0018,,22,0.7333,1679,0,1
C00478,S00478,2022-08-15,2022-10-23,98,97.7,2,0.029,,15,0.5,69,0,1
C00479,S00479,2023-09-02,,96,96.18,0,0.0,,23,0.7667,1727,0,0
C00480,S00480,2020-01-05,,89,88.95,2,0.0048,,31,1.0333,419,0,0
C00481,S00481,2021-04-23,2025-09-08,93,92.64,3,0.0019,,25,0.8333,1599,0,1
C00482,S00482,2023-06-03,2023-11-16,97,96.57,1,0.006,,13,0.4333,166,0,1
C00483,S00483,2020-05-24,2022-01-18,97,96.88,0,0.0,REF790,22,0.7333,604,1,1
C00484,S00484,2021-05-09,2024-03-26,90,90.03,3,0.0029,REF389,12,0.4,1052,1,1
C00485,S00485,2020-09-02,,53,52.51,2,0.0017,,43,1.4333,1204,0,0
C00486,S00486,2022-12-07,2023-03-03,94,94.24,0,0.0,,31,1.0333,86,0,1
C00487,S00487,2023-06-19,2025-05-03,83,82.63,2,0.0029,,39,1.3,684,0,1
C00488,S00488,2021-01-31,2025-04-05,103,102.69,1,0.0007,REF502,30,1.0,1525,1,1
C00489,S00489,2022-10-28,,69,68.65,2,0.0053,,19,0.6333,378,0,0
C00490,S00490,2023-02-14,2027-10-19,92,92.25,3,0.0018,,36,1.2,1708,0,1
C00491,S00491,2023-09-20,2027-04-07,94,93.75,2,0.0015,,46,1.5333,1295,0,1
C00492,S00492,2023-10-23,,43,43.16,3,0.0017,,19,0.6333,1757,0,0
C00493,S00493,2021-11-14,,62,62.4,3,0.0018,,20,0.6667,1631,0,0
C00494,S00494,2020-04-28,2021-07-26,45,44.64,1,0.0022,REF543,41,1.3667,454,1,1
C00495,S00495,2023-01-21,2027-09-14,105,105.32,1,0.0006,,25,0.8333,1697,0,1
C00496,S00496,2022-03-27,2024-10-03,83,82.51,0,0.0,,33,1.1,921,0,1
C00497,S00497,2021-11-19,2023-04-12,112,111.76,1,0.002,,38,1.2667,509,0,1
C00498,S00498,2022-03-21,,46,45.51,5,0.0031,,21,0.7,1610,0,0
C00499,S00499,2022-08-23,2025-01-17,68,68.26,4,0.0046,,29,0.9667,878,0,1
C00500,S00500,2021-03-05,2024-08-11,90,90.09,1,0.0008,,40,1.3333,1255,0,1
C00501,S00501,2021-05-07,2024-06-01,110,109.96,3,0.0027,,24,0.8,1121,0,1
C00502,S00502,2021-05-27,,74,73.85,4,0.0069,,37,1.2333,579,0,0
C00503,S00503,2022-01-09,2026-11-14,92,91.96,5,0.0028,,29,0.9667,1770,0,1
C00504,S00504,2022-10-11,2026-11-30,98,98.17,1,0.0007,,29,0.9667,1511,0,1
C00505,S00505,2020-03-04,2022-11-09,71,71.01,5,0.0051,REF913,25,0.8333,980,1,1
C00506,S00506,2021-03-14,2024-02-05,97,96.79,4,0.0038,REF548,30,1.0,1058,1,1
C00507,S00507,2022-12-28,2023-06-27,84,83.78,4,0.0221,,31,1.0333,181,0,1
C00508,S00508,2020-02-15,,88,87.77,2,0.0015,,41,1.3667,1330,0,0
C00509,S00509,2023-04-08,2027-10-07,57,56.8,1,0.0006,,16,0.5333,1643,0,1
C00510,S00510,2023-02-27,,92,91.72,1,0.0006,,25,0.8333,1746,0,0
C00511,S00511,2021-04-23,,80,79.9,3,0.0029,REF646,29,0.9667,1034,1,0
C00512,S00512,2022-07-26,,38,38.02,4,0.0022,,28,0.9333,1795,0,0
C00513,S00513,2022-01-05,,90,90.39,2,0.0014,,7,0.2333,1449,0,0
C00514,S00514,2021-01-10,2023-08-06,54,53.93,1,0.0011,,33,1.1,938,0,1
C00515,S00515,2020-08-11,2024-08-02,78,77.76,3,0.0021,REF867,21,0.7,1452,1,1
C00516,S00516,2023-12-13,2024-11-09,91,91.16,2,0.006,,50,1.6667,332,0,1
C00517,S00517,2023-07-13,,53,52.68,1,0.0008,,30,1.0,1235,0,0
C00518,S00518,2023-09-09,2026-10-21,70,70.28,3,0.0026,,29,0.9667,1138,0,1
C00519,S00519,2020-07-30,,108,107.96,3,0.0033,,47,1.5667,918,0,0
C00520,S00520,2023-12-17,2027-03-11,83,82.73,1,0.0008,,16,0.5333,1180,0,1
C00521,S00521,2022-07-27,2026-10-16,67,66.61,1,0.0006,,23,0.7667,1542,0,1
C00522,S00522,2022-02-07,2024-12-28,74,73.77,1,0.0009,,21,0.7,1055,0,1
C00523,S00523,2021-05-27,,50,50.33,2,0.0028,,23,0.7667,719,0,0
C00524,S00524,2020-12-18,,76,75.74,2,0.0025,,37,1.2333,794,0,0
C00525,S00525,2021-05-02,,104,103.61,4,0.0038,REF948,51,1.7,1048,1,0
C00526,S00526,2020-09-17,,72,72.22,0,0.0,,21,0.7,1071,0,0
C00527,S00527,2023-03-31,,94,94.11,3,0.005,,32,1.0667,605,0,0
C00528,S00528,2023-11-23,2026-08-08,84,83.62,1,0.001,REF904,41,1.3667,989,1,1
C00529,S00529,2023-12-21,2025-07-03,65,64.83,2,0.0036,,33,1.1,560,0,1
C00530,S00530,2023-08-29,2028-04-27,108,107.8,1,0.0006,,24,0.8,1703,0,1
C00531,S00531,2020-07-17,,64,63.96,1,0.001,,36,1.2,990,0,0
C00532,S00532,2023-01-16,2027-03-13,79,79.39,2,0.0013,,33,1.1,1517,0,1
C00533,S00533,2023-07-10,2025-06-29,92,91.61,0,0.0,,36,1.2,720,0,1
C00534,S00534,2022-02-04,2024-02-19,34,34.21,5,0.0067,,19,0.6333,745,0,1
C00535,S00535,2022-04-17,2023-10-30,102,101.89,1,0.0018,,48,1.6,561,0,1
C00536,S00536,2021-07-30,2024-06-17,115,115.32,1,0.0009,,29,0.9667,1053,0,1
C00537,S00537,2023-05-18,2026-06-23,80,80.44,0,0.0,REF192,27,0.9,1132,1,1
C00538,S00538,2022-11-21,,54,53.53,3,0.0029,REF200,15,0.5,1044,1,0
C00539,S00539,2022-08-01,,67,66.87,2,0.0013,,7,0.2333,1516,0,0
C00540,S00540,2020-01-15,,86,85.96,5,0.0053,,18,0.6,948,0,0
C00541,S00541,2023-12-11,2028-01-07,101,101.42,3,0.002,,31,1.0333,1488,0,1
C00542,S00542,2022-02-25,2022-08-05,107,106.65,3,0.0186,REF492,15,0.5,161,1,1
C00543,S00543,2023-12-04,,91,90.87,0,0.0,,11,0.3667,686,0,0
C00544,S00544,2022-10-14,2026-05-05,63,63.39,3,0.0023,REF415,19,0.6333,1299,1,1
C00545,S00545,2022-02-20,2024-02-17,91,91.41,2,0.0028,REF710,31,1.0333,727,1,1
C00546,S00546,2023-02-04,,68,67.85,1,0.0008,,27,0.9,1332,0,0
C00547,S00547,2021-01-04,2023-12-29,86,86.28,2,0.0018,REF488,40,1.3333,1089,1,1
C00548,S00548,2021-11-07,,78,77.6,1,0.0011,,24,0.8,902,0,0
C00549,S00549,2020-02-07,,81,80.68,4,0.0039,,20,0.6667,1030,0,0
C00550,S00550,2023-01-22,2027-07-08,113,113.42,1,0.0006,REF466,27,0.9,1628,1,1
C00551,S00551,2021-05-01,2024-09-22,81,81.24,3,0.0024,,28,0.9333,1240,0,1
C00552,S00552,2020-05-23,2025-03-30,96,95.86,0,0.0,,28,0.9333,1772,0,1
C00553,S00553,2023-04-09,,62,61.75,1,0.0044,,39,1.3,226,0,0
C00554,S00554,2020-12-15,,47,47.02,2,0.0014,,48,1.6,1474,0,0
C00555,S00555,2020-12-01,2025-04-29,70,70.26,2,0.0012,,21,0.7,1610,0,1
C00556,S00556,2020-08-04,,87,86.89,1,0.0006,,28,0.9333,1674,0,0
C00557,S00557,2022-06-24,,105,104.85,2,0.002,,21,0.7,998,0,0
C00558,S00558,2021-05-24,,50,49.92,1,0.0011,,8,0.2667,908,0,0
C00559,S00559,2022-05-05,2025-04-14,85,84.74,1,0.0009,,38,1.2667,1075,0,1
C00560,S00560,2021-05-31,2025-12-06,97,96.98,1,0.0006,,17,0.5667,1650,0,1
C00561,S00561,2023-02-03,,88,87.6,2,0.0013,,38,1.2667,1568,0,0
C00562,S00562,2021-07-14,2026-02-24,83,83.26,2,0.0012,REF181,29,0.9667,1686,1,1
C00563,S00563,2023-04-04,2028-01-14,74,73.74,3,0.0017,,40,1.3333,1746,0,1
C00564,S00564,2021-11-29,,117,116.77,0,0.0,,35,1.1667,1145,0,0
C00565,S00565,2020-01-23,2021-06-16,129,128.57,2,0.0039,REF414,36,1.2,510,1,1
C00566,S00566,2021-10-16,,105,104.52,1,0.0031,,19,0.6333,322,0,0
C00567,S00567,2021-01-02,,73,72.95,0,0.0,,14,0.4667,1621,0,0
C00568,S00568,2022-01-05,2022-11-26,111,110.55,3,0.0092,,23,0.7667,325,0,1
C00569,S00569,2020-07-06,,60,59.76,0,0.0,,16,0.5333,182,0,0
C00570,S00570,2023-02-02,2025-07-02,110,110.15,2,0.0023,,36,1.2,881,0,1
C00571,S00571,2022-07-25,2026-04-08,108,107.51,2,0.0015,REF613,12,0.4,1353,1,1
C00572,S00572,2020-08-01,,79,78.83,1,0.0007,,24,0.8,1339,0,0
C00573,S00573,2024-01-07,2025-05-23,101,101.47,2,0.004,REF725,34,1.1333,502,1,1
C00574,S00574,2021-06-10,2023-12-29,75,74.7,0,0.0,REF251,44,1.4667,932,1,1
C00575,S00575,2020-11-10,,47,47.37,1,0.0006,,30,1.0,1616,0,0
C00576,S00576,2020-01-01,2023-12-22,91,90.91,1,0.0007,,32,1.0667,1451,0,1
C00577,S00577,2021-01-05,2025-07-18,98,97.69,0,0.0,,25,0.8333,1655,0,1
C00578,S00578,2020-02-12,2023-12-12,99,98.96,0,0.0,REF644,59,1.9667,1399,1,1
C00579,S00579,2021-12-25,2022-07-31,91,91.3,1,0.0046,,24,0.8,218,0,1
C00580,S00580,2022-06-28,2023-08-16,92,92.28,3,0.0072,,35,1.1667,414,0,1
C00581,S00581,2021-07-09,2022-06-28,58,57.5,2,0.0056,,29,0.9667,354,0,1
C00582,S00582,2023-08-07,,118,118.17,0,0.0,,52,1.7333,291,0,0
C00583,S00583,2023-12-20,2028-03-21,81,80.74,0,0.0,,16,0.5333,1553,0,1
C00584,S00584,2021-04-03,2024-10-12,96,95.52,1,0.0008,,11,0.3667,1288,0,1
C00585,S00585,2022-08-14,,93,92.88,2,0.0012,REF615,14,0.4667,1649,1,0
C00586,S00586,2021-08-25,2023-05-04,97,96.52,2,0.0032,,17,0.5667,617,0,1
C00587,S00587,2021-02-14,2025-12-14,116,116.3,2,0.0011,REF354,22,0.7333,1764,1,1
C00588,S00588,2020-11-10,2025-06-17,88,88.42,1,0.0006,,9,0.3,1680,0,1
C00589,S00589,2022-02-21,2022-10-23,107,107.18,0,0.0,,19,0.6333,244,0,1
C00590,S00590,2020-08-02,,38,38.02,2,0.0013,,22,0.7333,1571,0,0
C00591,S00591,2022-10-05,2023-06-14,75,75.35,2,0.0079,REF899,32,1.0667,252,1,1
C00592,S00592,2023-08-19,2025-12-11,84,84.13,3,0.0036,REF499,45,1.5,845,1,1
C00593,S00593,2021-07-06,,68,67.76,1,0.0027,,34,1.1333,374,0,0
C00594,S00594,2022-05-08,2025-04-12,109,109.04,2,0.0019,REF337,36,1.2,1070,1,1
C00595,S00595,2024-01-04,2024-04-03,123,122.73,4,0.0444,,31,1.0333,90,0,1
C00596,S00596,2022-11-23,2027-02-03,58,58.4,3,0.002,,42,1.4,1533,0,1
C00597,S00597,2021-08-28,2024-02-02,88,88.45,1,0.0011,,14,0.4667,888,0,1
C00598,S00598,2023-08-15,2027-12-08,100,100.01,6,0.0038,,17,0.5667,1576,0,1
C00599,S00599,2020-03-04,2022-05-27,74,74.43,2,0.0025,,29,0.9667,814,0,1
C00600,S00600,2022-06-01,,73,72.64,6,0.0058,,43,1.4333,1029,0,0
C00601,S00601,2021-01-13,2024-09-18,52,51.55,4,0.003,,25,0.8333,1344,0,1
C00602,S00602,2020-09-27,2025-07-14,103,103.1,6,0.0034,,36,1.2,1751,0,1
C00603,S00603,2022-02-14,2024-01-26,97,96.66,3,0.0042,,24,0.8,711,0,1
C00604,S00604,2022-12-05,,77,76.75,2,0.0021,,39,1.3,966,0,0
C00605,S00605,2023-01-12,,86,85.81,3,0.0048,,33,1.1,624,0,0
C00606,S00606,2023-01-26,2023-06-06,78,78.04,1,0.0076,,14,0.4667,131,0,1
C00607,S00607,2021-03-08,2025-07-04,112,112.32,3,0.0019,,25,0.8333,1579,0,1
C00608,S00608,2021-09-12,,86,86.44,3,0.0029,,24,0.8,1039,0,0
C00609,S00609,2020-06-18,2022-05-27,80,80.04,1,0.0014,REF735,23,0.7667,708,1,1
C00610,S00610,2022-07-14,2026-05-25,79,78.57,3,0.0021,,20,0.6667,1411,0,1
C00611,S00611,2023-04-20,,110,109.5,2,0.0013,,44,1.4667,1484,0,0
C00612,S00612,2021-12-27,2026-11-04,89,88.64,3,0.0017,REF269,39,1.3,1773,1,1
C00613,S00613,2021-04-14,,77,76.91,1,0.0012,REF663,31,1.0333,820,1,0
C00614,S00614,2021-05-14,2022-01-12,79,78.85,2,0.0082,,21,0.7,243,0,1
C00615,S00615,2022-09-02,2025-02-22,111,111.24,1,0.0011,REF713,26,0.8667,904,1,1
C00616,S00616,2022-10-05,2025-01-08,50,50.49,1,0.0012,,32,1.0667,826,0,1
C00617,S00617,2021-12-15,,66,65.71,1,0.0024,,18,0.6,421,0,0
C00618,S00618,2021-01-06,,91,91.04,2,0.0019,,32,1.0667,1080,0,0
C00619,S00619,2021-09-07,2023-10-27,104,103.7,4,0.0051,,50,1.6667,780,0,1
C00620,S00620,2021-05-06,,46,46.44,1,0.0006,REF507,56,1.8667,1593,1,0
C00621,S00621,2020-05-26,,52,51.58,2,0.014,,44,1.4667,143,0,0
C00622,S00622,2021-08-31,,62,62.15,2,0.0015,,39,1.3,1305,0,0
C00623,S00623,2023-06-27,2026-07-08,119,119.34,1,0.0009,,30,1.0,1107,0,1
C00624,S00624,2022-07-10,,59,59.49,4,0.0087,,46,1.5333,462,0,0
C00625,S00625,2020-07-19,2022-05-23,102,101.75,0,0.0,,27,0.9,673,0,1
C00626,S00626,2023-07-02,2027-10-04,99,98.93,1,0.0006,,30,1.0,1555,0,1
C00627,S00627,2020-11-16,,96,95.5,0,0.0,REF283,25,0.8333,693,1,0
C00628,S00628,2022-07-11,,59,59.29,2,0.0016,,18,0.6,1215,0,0
C00629,S00629,2022-05-01,2024-12-07,78,77.98,5,0.0053,,25,0.8333,951,0,1
C00630,S00630,2022-12-25,,80,80.01,1,0.0006,,25,0.8333,1617,0,0
C00631,S00631,2023-02-23,2026-06-16,109,108.95,1,0.0008,,27,0.9,1209,0,1
C00632,S00632,2021-03-14,2025-05-03,101,101.08,2,0.0013,,39,1.3,1511,0,1
C00633,S00633,2023-03-12,2027-08-30,122,121.99,0,0.0,,28,0.9333,1632,0,1
C00634,S00634,2022-05-31,,108,108.11,6,0.0211,,31,1.0333,284,0,0
C00635,S00635,2021-06-08,2025-07-27,70,70.29,0,0.0,,44,1.4667,1510,0,1
C00636,S00636,2020-06-04,2025-03-01,84,84.32,3,0.0017,REF333,17,0.5667,1731,1,1
C00637,S00637,2022-05-02,,81,81.02,4,0.0328,,25,0.8333,122,0,0
C00638,S00638,2021-11-25,2024-03-24,138,138.15,4,0.0047,,4,0.1333,850,0,1
C00639,S00639,2021-12-06,2023-04-23,67,67.49,2,0.004,,41,1.3667,503,0,1
C00640,S00640,2022-10-31,2027-09-04,98,97.92,0,0.0,REF299,27,0.9,1769,1,1
C00641,S00641,2022-11-29,2024-10-01,115,114.55,2,0.003,REF203,34,1.1333,672,1,1
C00642,S00642,2020-09-26,,56,56.2,2,0.0052,,23,0.7667,385,0,0
C00643,S00643,2021-03-20,2021-11-01,99,99.12,3,0.0133,,29,0.9667,226,0,1
C00644,S00644,2023-09-15,2027-08-25,89,89.3,5,0.0035,,42,1.4,1440,0,1
C00645,S00645,2022-06-10,2022-11-19,56,56.28,4,0.0247,,22,0.7333,162,0,1
C00646,S00646,2021-09-17,,125,124.51,0,0.0,,33,1.1,590,0,0
C00647,S00647,2023-12-29,2026-10-18,76,76.14,4,0.0039,,30,1.0,1024,0,1
C00648,S00648,2022-10-03,2023-02-17,65,65.13,0,0.0,,22,0.7333,137,0,1
C00649,S00649,2023-06-28,2024-06-26,116,115.51,1,0.0027,,14,0.4667,364,0,1
C00650,S00650,2021-12-05,2026-10-29,97,97.2,4,0.0022,,45,1.5,1789,0,1
C00651,S00651,2020-09-02,2023-01-06,107,107.29,1,0.0012,REF997,41,1.3667,856,1,1
C00652,S00652,2023-01-03,,82,81.85,0,0.0,REF855,29,0.9667,588,1,0
C00653,S00653,2023-05-09,,36,35.8,2,0.0013,,38,1.2667,1573,0,0
C00654,S00654,2022-05-26,,72,72.0,2,0.01,,36,1.2,200,0,0
C00655,S00655,2021-10-11,2023-03-14,94,94.4,1,0.0019,,30,1.0,519,0,1
C00656,S00656,2020-07-02,2024-10-06,113,112.65,2,0.0013,,54,1.8,1557,0,1
C00657,S00657,2021-01-03,,66,65.86,2,0.0015,,31,1.0333,1370,0,0
C00658,S00658,2023-10-19,2026-01-07,88,88.05,2,0.0025,,32,1.0667,811,0,1
C00659,S00659,2020-09-09,2025-07-11,92,91.91,1,0.0006,REF569,11,0.3667,1766,1,1
C00660,S00660,2022-09-17,2025-08-15,118,118.25,6,0.0056,,21,0.7,1063,0,1
C00661,S00661,2022-09-21,,120,119.84,5,0.0037,,31,1.0333,1356,0,0
C00662,S00662,2021-12-09,,103,103.01,2,0.0011,,17,0.5667,1773,0,0
C00663,S00663,2024-02-04,,25,25.0,2,0.0021,REF837,40,1.3333,937,1,0
C00664,S00664,2022-10-11,2025-03-25,76,76.32,1,0.0011,,14,0.4667,896,0,1
C00665,S00665,2023-12-21,2027-04-18,105,104.79,1,0.0008,,10,0.3333,1214,0,1
C00666,S00666,2021-01-26,2021-07-21,98,98.35,4,0.0227,,47,1.5667,176,0,1
C00667,S00667,2023-01-16,2025-03-31,72,71.71,3,0.0037,,35,1.1667,805,0,1
C00668,S00668,2023-02-27,,44,44.44,6,0.0048,,30,1.0,1262,0,0
C00669,S00669,2023-10-10,,106,105.58,0,0.0,REF690,22,0.7333,719,1,0
C00670,S00670,2021-09-08,2025-03-27,53,53.18,0,0.0,,26,0.8667,1296,0,1
C00671,S00671,2021-05-13,2023-06-13,81,81.03,0,0.0,,39,1.3,761,0,1
C00672,S00672,2023-04-22,2024-05-23,108,107.94,0,0.0,,11,0.3667,397,0,1
C00673,S00673,2022-12-14,2023-10-24,81,80.87,2,0.0064,,21,0.7,314,0,1
C00674,S00674,2021-02-15,2023-11-21,117,116.75,3,0.003,REF651,31,1.0333,1009,1,1
C00675,S00675,2021-04-01,2022-05-02,112,112.07,3,0.0076,,23,0.7667,396,0,1
C00676,S00676,2023-03-31,2025-03-02,51,51.13,4,0.0057,REF744,31,1.0333,702,1,1
C00677,S00677,2022-05-04,2024-12-23,102,101.81,2,0.0021,,29,0.9667,964,0,1
C00678,S00678,2023-09-22,2024-02-15,93,93.06,4,0.0274,REF613,44,1.4667,146,1,1
C00679,S00679,2022-08-03,,57,56.96,1,0.0013,,46,1.5333,791,0,0
C00680,S00680,2024-01-11,,91,90.7,2,0.0033,REF603,45,1.5,602,1,0
C00681,S00681,2021-05-06,,60,59.71,3,0.005,,46,1.5333,606,0,0
C00682,S00682,2023-03-11,2027-09-08,94,93.55,2,0.0012,,39,1.3,1642,0,1
C00683,S00683,2020-10-12,2025-05-08,80,80.35,3,0.0018,,26,0.8667,1669,0,1
C00684,S00684,2022-11-22,,97,97.29,3,0.0052,,29,0.9667,582,0,0
C00685,S00685,2021-09-18,2026-01-27,117,116.66,2,0.0013,REF222,9,0.3,1592,1,1
C00686,S00686,2022-02-18,2023-05-12,108,107.91,3,0.0067,,29,0.9667,448,0,1
C00687,S00687,2023-04-26,,93,93.22,5,0.0075,REF648,33,1.1,663,1,0
C00688,S00688,2020-06-07,2025-01-29,89,89.12,4,0.0024,,17,0.5667,1697,0,1
C00689,S00689,2020-12-01,,102,101.92,1,0.0042,,16,0.5333,236,0,0
C00690,S00690,2022-04-19,2024-04-13,125,125.46,3,0.0041,,24,0.8,725,0,1
C00691,S00691,2021-09-13,,60,60.04,1,0.0007,,45,1.5,1460,0,0
C00692,S00692,2022-04-24,2026-12-15,57,57.49,1,0.0006,,41,1.3667,1696,0,1
C00693,S00693,2021-10-07,2026-06-13,97,97.35,3,0.0018,REF501,34,1.1333,1710,1,1
C00694,S00694,2020-04-07,,92,91.76,1,0.0006,,43,1.4333,1591,0,0
C00695,S00695,2023-11-05,2028-08-08,62,61.96,2,0.0012,,40,1.3333,1738,0,1
C00696,S00696,2022-11-01,2025-03-28,76,75.68,1,0.0011,,20,0.6667,878,0,1
C00697,S00697,2022-07-04,2024-03-17,104,104.46,2,0.0032,,40,1.3333,622,0,1
C00698,S00698,2020-08-11,,68,68.4,2,0.0027,,20,0.6667,729,0,0
C00699,S00699,2020-10-23,2021-07-19,93,93.21,1,0.0037,REF321,44,1.4667,269,1,1
C00700,S00700,2022-06-13,2023-04-08,96,96.22,0,0.0,,46,1.5333,299,0,1
C00701,S00701,2020-03-20,2025-01-07,100,100.06,3,0.0017,,25,0.8333,1754,0,1
C00702,S00702,2021-12-09,,98,98.29,0,0.0,,40,1.3333,391,0,0
C00703,S00703,2023-08-26,2026-10-01,124,123.69,1,0.0009,,24,0.8,1132,0,1
C00704,S00704,2023-08-05,2024-11-11,96,95.86,1,0.0022,,40,1.3333,464,0,1
C00705,S00705,2022-02-11,2025-06-10,85,84.96,0,0.0,REF534,28,0.9333,1215,1,1
C00706,S00706,2020-12-14,2023-05-11,103,102.78,1,0.0011,,27,0.9,878,0,1
C00707,S00707,2020-04-20,2020-12-18,118,118.11,3,0.0124,REF849,30,1.0,242,1,1
C00708,S00708,2020-09-13,2022-08-21,100,100.23,2,0.0028,,9,0.3,707,0,1
C00709,S00709,2021-02-24,2024-10-17,59,58.6,1,0.0008,REF514,25,0.8333,1331,1,1
C00710,S00710,2022-04-06,2026-03-28,83,83.06,0,0.0,REF528,27,0.9,1452,1,1
C00711,S00711,2022-12-24,,73,73.45,1,0.0018,REF317,49,1.6333,563,1,0
C00712,S00712,2021-11-21,,95,94.98,1,0.0017,,17,0.5667,576,0,0
C00713,S00713,2023-05-24,2027-01-12,102,102.13,1,0.0008,,13,0.4333,1329,0,1
C00714,S00714,2020-08-29,,68,68.11,1,0.0013,,30,1.0,798,0,0
C00715,S00715,2021-09-27,,88,87.83,1,0.0055,,40,1.3333,182,0,0
C00716,S00716,2022-07-09,2023-04-08,118,118.05,0,0.0,,29,0.9667,273,0,1
C00717,S00717,2020-03-21,2022-03-01,84,83.87,2,0.0028,REF824,29,0.9667,710,1,1
C00718,S00718,2023-09-20,,113,113.32,3,0.0056,,57,1.9,531,0,0
C00719,S00719,2024-02-01,2024-10-24,114,114.37,0,0.0,,28,0.9333,266,0,1
C00720,S00720,2023-01-15,2026-12-07,120,120.01,2,0.0014,,32,1.0667,1422,0,1
C00721,S00721,2022-11-20,2025-03-27,94,94.22,3,0.0035,,35,1.1667,858,0,1
C00722,S00722,2020-11-10,2024-05-23,97,97.21,3,0.0023,,38,1.2667,1290,0,1
C00723,S00723,2020-10-01,,90,89.85,2,0.0317,,11,0.3667,63,0,0
C00724,S00724,2020-12-23,,65,64.83,2,0.0026,,27,0.9,759,0,0
C00725,S00725,2020-07-21,2022-12-29,71,70.69,4,0.0045,REF211,38,1.2667,891,1,1
C00726,S00726,2022-04-16,,57,57.24,3,0.0028,,13,0.4333,1064,0,0
C00727,S00727,2023-12-06,,68,68.4,2,0.0011,REF852,35,1.1667,1744,1,0
C00728,S00728,2022-10-13,2025-02-16,98,97.91,3,0.0035,,10,0.3333,857,0,1
C00729,S00729,2023-08-15,,72,72.36,0,0.0,,24,0.8,911,0,0
C00730,S00730,2024-01-08,2028-06-12,83,83.32,1,0.0006,REF937,41,1.3667,1617,1,1
C00731,S00731,2022-09-20,2024-10-12,103,102.91,2,0.0027,REF259,28,0.9333,753,1,1
C00732,S00732,2020-06-06,2022-06-22,96,96.3,2,0.0027,,24,0.8,746,0,1
C00733,S00733,2023-10-27,2024-09-28,90,90.09,5,0.0148,,40,1.3333,337,0,1
C00734,S00734,2022-03-30,,72,71.91,3,0.0023,,33,1.1,1316,0,0
C00735,S00735,2022-03-31,,48,48.18,1,0.0108,,22,0.7333,93,0,0
C00736,S00736,2024-01-21,,71,71.41,0,0.0,,40,1.3333,440,0,0
C00737,S00737,2022-10-22,2024-12-17,76,76.03,0,0.0,,19,0.6333,787,0,1
C00738,S00738,2020-06-15,,117,116.67,5,0.0061,,27,0.9,815,0,0
C00739,S00739,2023-02-21,2023-06-28,76,76.2,2,0.0157,REF600,19,0.6333,127,1,1
C00740,S00740,2023-12-29,,63,63.42,1,0.001,REF626,41,1.3667,981,1,0
C00741,S00741,2020-12-22,2025-10-08,100,100.22,2,0.0011,,20,0.6667,1751,0,1
C00742,S00742,2021-11-24,2022-07-24,106,105.69,1,0.0041,,21,0.7,242,0,1
C00743,S00743,2020-06-04,2022-12-09,99,99.21,2,0.0022,,26,0.8667,918,0,1
C00744,S00744,2022-12-12,2025-11-28,65,65.4,2,0.0018,,26,0.8667,1082,0,1
C00745,S00745,2020-08-02,,52,51.59,2,0.0032,,22,0.7333,623,0,0
C00746,S00746,2021-09-29,2024-08-23,79,79.09,4,0.0038,REF875,27,0.9,1059,1,1
C00747,S00747,2022-09-03,2024-06-17,68,68.11,2,0.0031,,19,0.6333,653,0,1
C00748,S00748,2023-06-15,2024-05-16,81,81.42,1,0.003,,44,1.4667,336,0,1
C00749,S00749,2021-04-24,2025-06-24,91,90.55,2,0.0013,REF393,42,1.4,1522,1,1
C00750,S00750,2023-09-24,2028-08-25,92,92.21,2,0.0011,,28,0.9333,1797,0,1
C00751,S00751,2020-02-06,2022-02-06,85,84.58,3,0.0041,REF704,24,0.8,731,1,1
C00752,S00752,2020-09-06,,82,82.32,1,0.0045,REF189,40,1.3333,220,1,0
C00753,S00753,2020-06-27,2021-06-06,114,114.25,3,0.0087,,42,1.4,344,0,1
C00754,S00754,2023-01-25,,82,81.6,3,0.0019,,31,1.0333,1617,0,0
C00755,S00755,2021-06-26,2025-11-04,65,65.33,3,0.0019,,44,1.4667,1592,0,1
C00756,S00756,2020-02-01,2022-08-04,78,77.78,4,0.0044,,30,1.0,915,0,1
C00757,S00757,2023-03-28,2027-07-21,80,80.35,2,0.0013,REF837,48,1.6,1576,1,1
C00758,S00758,2021-02-19,2022-05-12,115,114.54,1,0.0022,,26,0.8667,447,0,1
C00759,S00759,2022-10-20,2024-11-14,95,94.78,1,0.0013,REF781,29,0.9667,756,1,1
C00760,S00760,2022-04-08,,119,118.64,0,0.0,REF294,23,0.7667,256,1,0
C00761,S00761,2020-06-16,,81,81.38,0,0.0,,24,0.8,1008,0,0
C00762,S00762,2022-06-23,,117,117.25,1,0.0008,,22,0.7333,1276,0,0
C00763,S00763,2023-07-15,2028-04-12,87,87.38,3,0.0017,,26,0.8667,1733,0,1
C00764,S00764,2021-07-01,2025-04-03,74,74.12,2,0.0015,,28,0.9333,1372,0,1
C00765,S00765,2023-06-04,2026-10-02,110,109.96,3,0.0025,,31,1.0333,1216,0,1
C00766,S00766,2021-02-09,2024-06-24,94,93.72,1,0.0008,,31,1.0333,1231,0,1
C00767,S00767,2021-02-28,,74,74.14,1,0.0009,,28,0.9333,1154,0,0
C00768,S00768,2020-09-14,,73,73.18,0,0.0,,31,1.0333,790,0,0
C00769,S00769,2020-11-13,2023-06-01,86,86.42,4,0.0043,,46,1.5333,930,0,1
C00770,S00770,2020-12-25,2021-12-20,72,72.27,5,0.0139,,35,1.1667,360,0,1
C00771,S00771,2022-09-01,2022-12-04,99,98.55,3,0.0319,,19,0.6333,94,0,1
C00772,S00772,2020-07-14,2024-06-16,60,60.2,1,0.0007,,17,0.5667,1433,0,1
C00773,S00773,2022-03-27,,65,64.98,0,0.0,,36,1.2,923,0,0
C00774,S00774,2021-01-26,2025-05-20,97,97.01,4,0.0025,,22,0.7333,1575,0,1
C00775,S00775,2020-08-08,2021-05-06,78,77.92,1,0.0037,,30,1.0,271,0,1
C00776,S00776,2023-05-16,,54,53.92,0,0.0,,11,0.3667,741,0,0
C00777,S00777,2022-03-20,2023-08-09,105,104.72,3,0.0059,,25,0.8333,507,0,1
C00778,S00778,2021-03-07,2025-05-08,60,59.97,5,0.0033,,30,1.0,1523,0,1
C00779,S00779,2022-08-15,2024-07-30,80,80.44,2,0.0028,,33,1.1,715,0,1
C00780,S00780,2023-09-23,2026-12-01,112,112.39,1,0.0009,,15,0.5,1165,0,1
C00781,S00781,2021-02-28,,47,46.7,2,0.0097,,28,0.9333,206,0,0
C00782,S00782,2021-01-02,,87,87.11,3,0.0031,,20,0.6667,976,0,0
C00783,S00783,2022-10-20,,52,51.65,1,0.0012,,27,0.9,827,0,0
C00784,S00784,2022-01-07,,81,81.46,1,0.0009,REF212,17,0.5667,1122,1,0
C00785,S00785,2022-10-07,2025-09-19,90,89.52,2,0.0019,REF195,14,0.4667,1078,1,1
C00786,S00786,2020-09-08,,103,102.79,5,0.0202,,27,0.9,247,0,0
C00787,S00787,2023-10-31,2024-03-26,79,78.91,3,0.0204,,37,1.2333,147,0,1
C00788,S00788,2020-01-26,,69,69.12,3,0.0108,,25,0.8333,278,0,0
C00789,S00789,2021-02-14,2022-04-28,49,49.03,3,0.0068,,33,1.1,438,0,1
C00790,S00790,2022-07-27,2026-03-12,104,103.52,2,0.0015,,24,0.8,1324,0,1
C00791,S00791,2022-02-19,2023-08-01,114,113.54,2,0.0038,REF845,40,1.3333,528,1,1
C00792,S00792,2021-05-21,2026-03-03,119,119.23,2,0.0011,REF651,21,0.7,1747,1,1
C00793,S00793,2024-01-05,2024-08-02,101,100.88,1,0.0048,,31,1.0333,210,0,1
C00794,S00794,2021-06-01,,51,50.52,1,0.0011,REF433,34,1.1333,943,1,0
C00795,S00795,2022-10-14,,86,85.9,1,0.0008,,35,1.1667,1305,0,0
C00796,S00796,2021-09-03,2022-02-03,88,88.47,3,0.0196,,37,1.2333,153,0,1
C00797,S00797,2021-10-22,,107,107.15,1,0.001,REF593,30,1.0,954,1,0
C00798,S00798,2023-03-12,2023-09-06,73,72.84,1,0.0056,,27,0.9,178,0,1
C00799,S00799,2021-06-15,,87,87.49,3,0.0021,,41,1.3667,1434,0,0
C00800,S00800,2021-08-22,2024-01-12,116,115.96,3,0.0034,REF602,36,1.2,873,1,1
C00801,S00801,2023-03-18,2027-06-29,117,116.55,1,0.0006,,29,0.9667,1564,0,1
C00802,S00802,2020-05-09,,82,82.14,4,0.0033,,30,1.0,1204,0,0
C00803,S00803,2021-10-10,2023-06-13,76,75.73,2,0.0033,REF186,30,1.0,611,1,1
C00804,S00804,2021-02-22,2022-01-17,60,59.51,2,0.0061,REF495,33,1.1,329,1,1
C00805,S00805,2021-12-24,2022-11-24,71,71.46,3,0.009,,23,0.7667,335,0,1
C00806,S00806,2022-05-14,,51,50.51,1,0.0085,,11,0.3667,117,0,0
C00807,S00807,2021-10-05,2023-05-10,93,92.71,1,0.0017,,17,0.5667,582,0,1
C00808,S00808,2024-01-30,2027-09-20,67,67.13,1,0.0008,REF649,30,1.0,1329,1,1
C00809,S00809,2023-10-01,,56,55.86,0,0.0,,13,0.4333,677,0,0
C00810,S00810,2020-08-02,,85,85.49,3,0.0096,,30,1.0,314,0,0
C00811,S00811,2022-08-22,2023-03-09,74,74.36,6,0.0302,REF646,21,0.7,199,1,1
C00812,S00812,2021-04-30,,67,66.63,2,0.0024,,26,0.8667,822,0,0
C00813,S00813,2022-12-08,2024-02-06,113,112.98,1,0.0024,,24,0.8,425,0,1
C00814,S00814,2021-12-29,,71,71.31,5,0.0037,,22,0.7333,1337,0,0
C00815,S00815,2023-12-01,2025-09-07,44,43.85,0,0.0,,21,0.7,646,0,1
C00816,S00816,2023-11-17,2024-08-21,98,98.06,1,0.0036,,40,1.3333,278,0,1
C00817,S00817,2020-03-26,2021-09-11,103,103.11,1,0.0019,REF263,27,0.9,534,1,1
C00818,S00818,2020-06-11,2022-09-19,89,89.25,1,0.0012,,18,0.6,830,0,1
C00819,S00819,2020-02-04,,55,54.56,4,0.032,,12,0.4,125,0,0
C00820,S00820,2023-04-05,,91,91.32,3,0.0119,,40,1.3333,253,0,0
C00821,S00821,2020-12-08,2025-09-05,129,128.62,1,0.0006,,23,0.7667,1732,0,1
C00822,S00822,2022-12-20,2024-10-14,105,104.9,5,0.0075,,37,1.2333,664,0,1
C00823,S00823,2021-05-13,,97,97.18,2,0.0015,,38,1.2667,1361,0,0
C00824,S00824,2021-04-04,2025-10-07,101,101.11,1,0.0006,,54,1.8,1647,0,1
C00825,S00825,2022-06-25,,109,109.18,3,0.0117,,38,1.2667,257,0,0
C00826,S00826,2023-03-06,2026-08-10,82,82.45,2,0.0016,,36,1.2,1253,0,1
C00827,S00827,2022-04-29,,65,64.67,4,0.0027,,34,1.1333,1509,0,0
C00828,S00828,2022-05-12,2022-08-20,39,39.23,2,0.02,,13,0.4333,100,0,1
C00829,S00829,2023-01-09,2024-08-31,100,99.67,1,0.0017,,25,0.8333,600,0,1
C00830,S00830,2020-09-14,,59,58.81,1,0.0034,,32,1.0667,293,0,0
C00831,S00831,2022-06-07,2022-09-30,109,109.2,3,0.0261,,10,0.3333,115,0,1
C00832,S00832,2021-03-04,2022-09-26,56,55.79,4,0.007,,15,0.5,571,0,1
C00833,S00833,2020-08-20,2021-09-02,81,81.41,1,0.0026,,24,0.8,378,0,1
C00834,S00834,2021-05-07,2025-10-11,96,96.33,2,0.0012,,42,1.4,1618,0,1
C00835,S00835,2020-10-15,,70,69.59,2,0.0042,,41,1.3667,472,0,0
C00836,S00836,2021-04-29,2025-01-17,111,111.15,0,0.0,,29,0.9667,1359,0,1
C00837,S00837,2020-02-05,2020-07-03,84,83.91,2,0.0134,REF934,25,0.8333,149,1,1
C00838,S00838,2023-01-24,2026-03-03,90,90.39,1,0.0009,,5,0.1667,1134,0,1
C00839,S00839,2021-06-06,2024-11-26,113,113.4,3,0.0024,,26,0.8667,1269,0,1
C00840,S00840,2022-09-17,2023-08-08,84,84.45,1,0.0031,,22,0.7333,325,0,1
C00841,S00841,2023-01-29,2025-04-18,102,102.44,1,0.0012,,25,0.8333,810,0,1
C00842,S00842,2023-05-14,2027-12-15,103,102.94,2,0.0012,,31,1.0333,1676,0,1
C00843,S00843,2020-04-26,2023-05-29,119,118.89,5,0.0044,,12,0.4,1128,0,1
C00844,S00844,2022-02-05,2026-02-10,90,90.1,1,0.0007,,17,0.5667,1466,0,1
C00845,S00845,2021-09-17,2023-11-25,95,95.3,3,0.0038,REF197,20,0.6667,799,1,1
C00846,S00846,2021-06-09,2022-09-28,49,48.7,2,0.0042,,25,0.8333,476,0,1
C00847,S00847,2023-04-24,2025-09-17,88,88.19,1,0.0011,,26,0.8667,877,0,1
C00848,S00848,2020-04-11,,80,80.3,2,0.0026,,28,0.9333,763,0,0
C00849,S00849,2021-04-10,2026-02-13,87,86.74,2,0.0011,,37,1.2333,1770,0,1
C00850,S00850,2023-04-06,,28,27.78,2,0.0025,,28,0.9333,805,0,0
C00851,S00851,2021-08-15,2024-10-09,90,89.52,2,0.0017,,21,0.7,1151,0,1
C00852,S00852,2020-04-22,,88,88.13,1,0.0009,,21,0.7,1082,0,0
C00853,S00853,2020-09-17,2022-08-24,135,135.35,2,0.0028,REF875,44,1.4667,706,1,1
C00854,S00854,2021-03-28,2023-03-10,92,92.0,3,0.0042,,20,0.6667,712,0,1
C00855,S00855,2021-01-07,2025-03-16,60,59.77,2,0.0013,,29,0.9667,1529,0,1
C00856,S00856,2022-09-30,2023-11-29,76,75.66,1,0.0024,,44,1.4667,425,0,1
C00857,S00857,2020-09-14,2022-11-06,77,77.45,3,0.0038,REF985,30,1.0,783,1,1
C00858,S00858,2023-02-20,2026-06-24,71,70.64,2,0.0016,REF775,24,0.8,1220,1,1
C00859,S00859,2021-04-12,2021-09-17,96,96.05,2,0.0127,,23,0.7667,158,0,1
C00860,S00860,2020-04-12,2023-09-02,96,95.66,1,0.0008,,33,1.1,1238,0,1
C00861,S00861,2020-01-17,2024-03-04,98,98.43,0,0.0,REF599,13,0.4333,1508,1,1
C00862,S00862,2022-06-30,2024-10-06,108,107.58,2,0.0024,,33,1.1,829,0,1
C00863,S00863,2023-01-07,2025-12-16,106,106.38,2,0.0019,,18,0.6,1074,0,1
C00864,S00864,2020-07-24,,64,64.28,0,0.0,REF273,33,1.1,906,1,0
C00865,S00865,2021-04-08,2024-08-08,77,77.18,1,0.0008,,29,0.9667,1218,0,1
C00866,S00866,2023-02-09,,132,132.0,1,0.0068,,24,0.8,148,0,0
C00867,S00867,2023-07-25,,101,100.92,1,0.0009,REF396,36,1.2,1134,1,0
C00868,S00868,2022-12-30,2025-05-01,88,88.3,0,0.0,REF593,28,0.9333,853,1,1
C00869,S00869,2022-07-15,2022-11-14,79,78.87,2,0.0164,,47,1.5667,122,0,1
C00870,S00870,2023-01-27,,80,80.32,3,0.0021,,18,0.6,1452,0,0
C00871,S00871,2021-03-21,,50,49.72,2,0.0062,,34,1.1333,324,0,0
C00872,S00872,2020-04-05,2023-03-30,76,76.43,0,0.0,REF188,15,0.5,1089,1,1
C00873,S00873,2022-04-26,2026-07-13,108,107.74,2,0.0013,REF736,22,0.7333,1539,1,1
C00874,S00874,2022-04-19,,89,89.05,0,0.0,REF924,24,0.8,1662,1,0
C00875,S00875,2023-04-19,2026-06-15,104,104.02,3,0.0026,,29,0.9667,1153,0,1
C00876,S00876,2020-12-27,2024-07-25,133,133.36,2,0.0015,,17,0.5667,1306,0,1
C00877,S00877,2023-08-26,2026-08-07,60,60.34,1,0.0009,,47,1.5667,1077,0,1
C00878,S00878,2022-01-13,,59,58.91,4,0.0028,,13,0.4333,1413,0,0
C00879,S00879,2021-10-25,2026-08-18,101,101.22,2,0.0011,,31,1.0333,1758,0,1
C00880,S00880,2024-01-24,2026-05-30,94,94.1,1,0.0012,,24,0.8,857,0,1
C00881,S00881,2022-03-26,,62,61.55,0,0.0,,28,0.9333,778,0,0
C00882,S00882,2020-05-15,2021-05-11,82,82.11,1,0.0028,,18,0.6,361,0,1
C00883,S00883,2021-01-15,,68,68.11,0,0.0,REF767,33,1.1,1764,1,0
C00884,S00884,2022-06-10,,104,104.34,0,0.0,,19,0.6333,1647,0,0
C00885,S00885,2020-12-11,,63,62.91,1,0.0008,REF947,46,1.5333,1288,1,0
C00886,S00886,2020-09-04,,95,95.17,1,0.0008,,19,0.6333,1207,0,0
C00887,S00887,2021-03-21,,84,84.14,2,0.0048,,23,0.7667,416,0,0
C00888,S00888,2022-02-04,2026-08-04,91,91.23,4,0.0024,,35,1.1667,1642,0,1
C00889,S00889,2020-05-19,2020-10-26,114,114.45,1,0.0062,REF526,16,0.5333,160,1,1
C00890,S00890,2022-02-20,,84,84.28,1,0.0009,,13,0.4333,1134,0,0
C00891,S00891,2022-12-26,,45,45.0,2,0.004,REF331,29,0.9667,501,1,0
C00892,S00892,2021-11-15,2024-03-14,74,73.77,2,0.0024,,35,1.1667,850,0,1
C00893,S00893,2022-11-07,2023-06-20,95,95.29,1,0.0044,,23,0.7667,225,0,1
C00894,S00894,2022-08-17,2023-06-07,89,89.23,5,0.017,REF115,21,0.7,294,1,1
C00895,S00895,2022-01-14,2023-12-30,83,83.48,2,0.0028,,42,1.4,715,0,1
C00896,S00896,2024-01-01,2026-01-22,114,114.3,2,0.0027,,22,0.7333,752,0,1
C00897,S00897,2022-07-06,,88,88.18,1,0.0006,,42,1.4,1593,0,0
C00898,S00898,2023-04-22,2026-04-25,107,106.82,1,0.0009,,16,0.5333,1099,0,1
C00899,S00899,2022-08-19,,78,78.06,1,0.0088,REF491,34,1.1333,114,1,0
C00900,S00900,2023-12-08,,67,67.05,0,0.0,REF203,19,0.6333,1679,1,0
C00901,S00901,2021-10-08,,96,95.77,1,0.0009,,25,0.8333,1122,0,0
C00902,S00902,2020-10-11,,68,67.93,2,0.0013,REF680,41,1.3667,1502,1,0
C00903,S00903,2020-09-29,2025-04-23,65,64.55,1,0.0006,,8,0.2667,1667,0,1
C00904,S00904,2024-01-29,,94,94.29,2,0.0021,REF821,58,1.9333,952,1,0
C00905,S00905,2023-04-12,,62,61.7,0,0.0,,29,0.9667,371,0,0
C00906,S00906,2021-04-02,,76,76.01,0,0.0,,32,1.0667,839,0,0
C00907,S00907,2021-11-02,,91,91.31,2,0.0016,,45,1.5,1254,0,0
C00908,S00908,2020-02-21,,83,83.48,1,0.0085,,40,1.3333,117,0,0
C00909,S00909,2023-11-30,2028-08-01,91,91.39,2,0.0012,,49,1.6333,1706,0,1
C00910,S00910,2021-10-16,,77,76.54,2,0.003,REF199,34,1.1333,671,1,0
C00911,S00911,2021-07-30,,72,72.21,1,0.0008,REF564,25,0.8333,1207,1,0
C00912,S00912,2021-01-04,2025-11-06,84,83.92,3,0.0017,REF582,18,0.6,1767,1,1
C00913,S00913,2020-05-03,2024-08-15,105,105.29,1,0.0006,REF379,15,0.5,1565,1,1
C00914,S00914,2023-02-17,2026-10-28,112,111.81,2,0.0015,REF296,26,0.8667,1349,1,1
C00915,S00915,2020-11-30,2022-07-02,87,86.71,4,0.0069,,27,0.9,579,0,1
C00916,S00916,2020-05-10,2023-01-08,109,108.94,4,0.0041,,27,0.9,973,0,1
C00917,S00917,2024-01-07,2026-07-27,90,89.83,1,0.0011,REF741,27,0.9,932,1,1
C00918,S00918,2022-04-02,2026-07-10,112,111.85,2,0.0013,,36,1.2,1560,0,1
C00919,S00919,2020-04-25,,86,85.66,1,0.0078,,28,0.9333,129,0,0
C00920,S00920,2021-03-10,2021-06-18,101,100.72,2,0.02,,36,1.2,100,0,1
C00921,S00921,2022-04-10,2022-12-31,83,83.47,3,0.0113,,22,0.7333,265,0,1
C00922,S00922,2020-11-06,,89,88.95,4,0.0023,,26,0.8667,1726,0,0
C00923,S00923,2024-01-25,2026-10-21,87,87.18,2,0.002,,39,1.3,1000,0,1
C00924,S00924,2023-08-06,,75,74.69,0,0.0,REF302,29,0.9667,1277,1,0
C00925,S00925,2023-08-21,2024-04-01,105,104.99,0,0.0,,3,0.1,224,0,1
C00926,S00926,2022-02-12,2022-05-06,110,109.55,2,0.0241,,22,0.7333,83,0,1
C00927,S00927,2024-01-22,2027-04-27,77,76.9,4,0.0034,REF128,14,0.4667,1191,1,1
C00928,S00928,2021-05-03,,72,71.57,5,0.0039,,26,0.8667,1287,0,0
C00929,S00929,2022-04-13,2024-06-24,83,83.45,1,0.0012,,12,0.4,803,0,1
C00930,S00930,2023-01-24,,58,57.66,1,0.0049,REF642,38,1.2667,204,1,0
C00931,S00931,2022-01-27,2024-07-26,75,74.85,1,0.0011,,35,1.1667,911,0,1
C00932,S00932,2023-07-03,2026-09-17,79,79.34,1,0.0009,,25,0.8333,1172,0,1
C00933,S00933,2020-06-04,,105,104.91,2,0.0046,,41,1.3667,431,0,0
C00934,S00934,2021-10-25,2023-05-31,52,51.97,2,0.0034,REF160,35,1.1667,583,1,1
C00935,S00935,2023-05-29,,88,88.26,1,0.0007,,32,1.0667,1359,0,0
C00936,S00936,2020-09-30,,66,65.92,2,0.0047,,49,1.6333,429,0,0
C00937,S00937,2021-07-31,2022-03-20,94,93.7,0,0.0,,27,0.9,232,0,1
C00938,S00938,2024-01-31,,96,95.57,4,0.0035,REF378,29,0.9667,1152,1,0
C00939,S00939,2022-07-09,2022-10-17,117,117.05,4,0.04,,16,0.5333,100,0,1
C00940,S00940,2021-06-22,2023-09-15,62,61.68,1,0.0012,,19,0.6333,815,0,1
C00941,S00941,2021-06-28,2024-05-14,67,67.3,3,0.0029,,32,1.0667,1051,0,1
C00942,S00942,2020-11-04,2021-04-25,109,108.51,3,0.0174,REF178,35,1.1667,172,1,1
C00943,S00943,2023-01-07,,51,50.84,0,0.0,,30,1.0,1196,0,0
C00944,S00944,2020-06-03,2024-07-02,82,81.72,0,0.0,,29,0.9667,1490,0,1
C00945,S00945,2020-11-08,,104,103.5,5,0.0029,,29,0.9667,1753,0,0
C00946,S00946,2020-07-04,2021-12-09,121,120.66,1,0.0019,REF594,9,0.3,523,1,1
C00947,S00947,2023-02-04,2024-10-25,96,95.68,2,0.0032,,31,1.0333,629,0,1
C00948,S00948,2023-11-15,2026-12-24,71,70.55,2,0.0018,,27,0.9,1135,0,1
C00949,S00949,2020-05-10,2023-05-17,100,100.28,3,0.0027,,29,0.9667,1102,0,1
C00950,S00950,2023-11-20,,105,105.06,2,0.0018,REF295,45,1.5,1120,1,0
C00951,S00951,2023-10-06,2025-06-04,98,97.78,1,0.0016,,15,0.5,607,0,1
C00952,S00952,2022-01-31,2022-07-07,71,71.2,2,0.0127,REF335,27,0.9,157,1,1
C00953,S00953,2020-02-25,2020-06-07,102,101.67,0,0.0,,18,0.6,103,0,1
C00954,S00954,2022-11-04,,75,74.83,1,0.0006,,35,1.1667,1795,0,0
C00955,S00955,2022-02-25,2024-04-02,83,83.29,3,0.0039,,19,0.6333,767,0,1
C00956,S00956,2023-06-02,2025-09-17,85,85.39,2,0.0024,,28,0.9333,838,0,1
C00957,S00957,2021-03-18,,66,66.28,0,0.0,,27,0.9,1149,0,0
C00958,S00958,2022-04-16,2023-06-07,70,70.38,1,0.0024,,24,0.8,417,0,1
C00959,S00959,2023-08-30,2025-08-23,75,74.51,4,0.0055,REF459,19,0.6333,724,1,1
C00960,S00960,2022-09-27,,75,74.69,1,0.0012,REF538,42,1.4,819,1,0
C00961,S00961,2022-08-27,2023-04-09,119,118.8,0,0.0,,23,0.7667,225,0,1
C00962,S00962,2023-12-21,2027-01-03,91,91.31,3,0.0027,,34,1.1333,1109,0,1
C00963,S00963,2022-01-04,2023-02-05,58,57.94,4,0.0101,,36,1.2,397,0,1
C00964,S00964,2020-09-15,,89,88.9,3,0.0462,REF746,38,1.2667,65,1,0
C00965,S00965,2024-01-04,2027-02-17,111,110.67,4,0.0035,,18,0.6,1140,0,1
C00966,S00966,2020-07-27,2022-03-01,64,63.87,1,0.0017,,17,0.5667,582,0,1
C00967,S00967,2022-04-06,2025-11-05,85,84.65,0,0.0,,8,0.2667,1309,0,1
C00968,S00968,2023-02-03,2025-10-23,82,82.33,3,0.003,,17,0.5667,993,0,1
C00969,S00969,2023-03-26,2023-07-14,70,70.33,3,0.0273,,30,1.0,110,0,1
C00970,S00970,2022-11-20,2026-05-11,80,80.05,1,0.0008,,23,0.7667,1268,0,1
C00971,S00971,2021-09-30,,67,66.84,0,0.0,,32,1.0667,130,0,0
C00972,S00972,2020-10-05,2022-06-02,105,105.47,2,0.0033,REF938,32,1.0667,605,1,1
C00973,S00973,2020-02-27,2023-08-03,58,57.82,1,0.0008,,14,0.4667,1253,0,1
C00974,S00974,2021-03-29,2023-04-30,131,130.99,3,0.0039,,52,1.7333,762,0,1
C00975,S00975,2023-12-29,,110,110.1,3,0.0041,,29,0.9667,729,0,0
C00976,S00976,2022-10-24,2024-01-11,79,78.54,1,0.0023,,42,1.4,444,0,1
C00977,S00977,2021-09-02,2023-12-13,103,102.57,3,0.0036,,24,0.8,832,0,1
C00978,S00978,2022-01-11,2023-08-03,75,75.09,2,0.0035,REF642,31,1.0333,569,1,1
C00979,S00979,2021-05-16,,91,91.39,2,0.0012,,48,1.6,1706,0,0
C00980,S00980,2023-09-02,,106,106.41,0,0.0,,34,1.1333,1256,0,0
C00981,S00981,2021-11-11,2026-05-10,124,123.69,2,0.0012,,20,0.6667,1641,0,1
C00982,S00982,2023-06-09,2025-03-16,70,70.48,4,0.0062,,15,0.5,646,0,1
C00983,S00983,2020-03-17,2024-11-24,63,63.18,1,0.0006,,19,0.6333,1713,0,1
C00984,S00984,2021-12-31,,66,65.67,0,0.0,REF535,27,0.9,546,1,0
C00985,S00985,2022-06-23,2024-02-10,42,41.58,3,0.005,,14,0.4667,597,0,1
C00986,S00986,2022-09-27,,97,96.97,2,0.0035,,24,0.8,579,0,0
C00987,S00987,2020-02-05,2023-01-25,80,80.34,1,0.0009,REF624,34,1.1333,1085,1,1
C00988,S00988,2022-08-23,2025-09-21,83,82.51,2,0.0018,REF550,28,0.9333,1125,1,1
C00989,S00989,2023-06-12,2023-12-02,126,125.72,0,0.0,,21,0.7,173,0,1
C00990,S00990,2020-05-18,2023-03-19,73,73.2,2,0.0019,,32,1.0667,1035,0,1
C00991,S00991,2021-05-11,2026-01-22,53,53.11,5,0.0029,,34,1.1333,1717,0,1
C00992,S00992,2021-09-30,2023-11-07,136,136.41,3,0.0039,,51,1.7,768,0,1
C00993,S00993,2021-01-16,2024-07-16,107,107.38,3,0.0023,,24,0.8,1277,0,1
C00994,S00994,2021-10-21,2024-12-24,98,97.94,0,0.0,,29,0.9667,1160,0,1
C00995,S00995,2023-09-01,,83,82.78,4,0.0023,REF105,23,0.7667,1765,1,0
C00996,S00996,2023-09-08,2026-11-29,62,61.74,4,0.0034,,35,1.1667,1178,0,1
C00997,S00997,2022-06-20,2024-11-15,110,110.13,1,0.0011,,22,0.7333,879,0,1
C00998,S00998,2023-08-20,2023-11-10,101,101.47,2,0.0244,,15,0.5,82,0,1
C00999,S00999,2023-05-07,,62,62.41,3,0.0021,REF543,44,1.4667,1458,1,0
C01000,S01000,2020-03-27,2022-01-05,98,97.92,1,0.0015,,34,1.1333,649,0,1
C01001,S01001,2021-08-03,2026-02-27,108,108.33,4,0.0024,,46,1.5333,1669,0,1
C01002,S01002,2023-06-21,,114,113.85,1,0.0021,REF768,31,1.0333,485,1,0
C01003,S01003,2021-10-25,,112,112.42,2,0.0024,,16,0.5333,820,0,0
C01004,S01004,2022-07-06,2026-08-16,82,82.04,3,0.002,,41,1.3667,1502,0,1
C01005,S01005,2021-09-10,2022-07-31,108,108.07,2,0.0062,,22,0.7333,324,0,1
C01006,S01006,2020-01-25,2021-07-17,62,61.71,1,0.0019,,27,0.9,539,0,1
C01007,S01007,2022-04-27,2026-04-03,100,100.45,2,0.0014,,33,1.1,1437,0,1
C01008,S01008,2021-07-26,2023-03-30,87,86.53,7,0.0114,,18,0.6,612,0,1
C01009,S01009,2023-03-06,,89,88.88,0,0.0,,18,0.6,1726,0,0
C01010,S01010,2023-08-25,2026-05-16,142,142.24,2,0.002,REF870,24,0.8,995,1,1
C01011,S01011,2020-06-05,2024-07-09,115,114.73,0,0.0,,17,0.5667,1495,0,1
C01012,S01012,2021-06-21,2024-03-29,94,93.63,2,0.002,REF182,31,1.0333,1012,1,1
C01013,S01013,2021-08-12,2021-12-28,74,73.6,2,0.0145,,19,0.6333,138,0,1
C01014,S01014,2022-10-11,,89,89.01,0,0.0,REF712,39,1.3,1471,1,0
C01015,S01015,2021-08-17,2023-10-16,30,29.87,2,0.0025,,27,0.9,790,0,1
C01016,S01016,2022-04-28,,91,91.19,5,0.0068,,24,0.8,734,0,0
C01017,S01017,2023-09-24,,91,90.79,0,0.0,,49,1.6333,1341,0,0
C01018,S01018,2022-06-03,2023-12-04,106,105.63,0,0.0,,24,0.8,549,0,1
C01019,S01019,2020-05-27,,99,99.12,2,0.0025,REF199,21,0.7,804,1,0
C01020,S01020,2021-12-22,2025-01-13,97,96.87,2,0.0018,REF127,12,0.4,1118,1,1
C01021,S01021,2023-08-22,,102,101.89,0,0.0,,27,0.9,1092,0,0
C01022,S01022,2021-12-24,,60,59.55,1,0.0008,REF141,46,1.5333,1327,1,0
C01023,S01023,2024-01-14,,59,59.08,2,0.0099,,31,1.0333,203,0,0
C01024,S01024,2023-09-15,2028-08-06,64,63.65,1,0.0006,,37,1.2333,1787,0,1
C01025,S01025,2021-01-30,,73,73.25,0,0.0,REF206,22,0.7333,1118,1,0
C01026,S01026,2021-09-12,,74,73.85,1,0.0009,,31,1.0333,1135,0,0
C01027,S01027,2020-10-04,,89,88.83,2,0.0013,,23,0.7667,1595,0,0
C01028,S01028,2020-10-14,,46,45.93,4,0.0044,,23,0.7667,913,0,0
C01029,S01029,2021-07-05,2021-10-25,118,117.73,1,0.0089,,23,0.7667,112,0,1
C01030,S01030,2021-09-21,2022-07-09,125,124.85,1,0.0034,,23,0.7667,291,0,1
C01031,S01031,2021-06-09,2026-02-11,95,94.87,2,0.0012,REF175,38,1.2667,1708,1,1
C01032,S01032,2023-01-04,,25,25.0,1,0.0006,,23,0.7667,1777,0,0
C01033,S01033,2020-08-15,2021-03-08,86,86.45,3,0.0146,,22,0.7333,205,0,1
C01034,S01034,2021-12-13,2025-05-17,46,45.71,2,0.0016,REF619,17,0.5667,1251,1,1
C01035,S01035,2023-08-26,2026-12-17,90,89.75,4,0.0033,,52,1.7333,1209,0,1
C01036,S01036,2023-01-03,2023-12-16,132,131.73,1,0.0029,,41,1.3667,347,0,1
C01037,S01037,2020-11-02,2024-10-01,25,25.0,1,0.0007,,24,0.8,1429,0,1
C01038,S01038,2020-12-25,2023-05-03,77,77.44,2,0.0023,REF927,10,0.3333,859,1,1
C01039,S01039,2023-10-21,2025-01-24,117,117.27,4,0.0087,,8,0.2667,461,0,1
C01040,S01040,2022-05-24,2025-03-23,93,92.77,2,0.0019,,34,1.1333,1034,0,1
C01041,S01041,2023-08-12,2028-02-01,92,91.55,2,0.0012,,23,0.7667,1634,0,1
C01042,S01042,2023-07-20,2024-09-29,141,141.02,1,0.0023,,34,1.1333,437,0,1
C01043,S01043,2021-10-24,2024-12-03,115,114.55,5,0.0044,,31,1.0333,1136,0,1
C01044,S01044,2022-03-04,,83,82.95,5,0.0037,,14,0.4667,1334,0,0
C01045,S01045,2021-07-06,2024-08-26,107,107.41,3,0.0026,,35,1.1667,1147,0,1
C01046,S01046,2022-08-13,,98,97.59,1,0.0008,,39,1.3,1191,0,0
C01047,S01047,2022-09-01,2026-04-15,129,128.72,0,0.0,,20,0.6667,1322,0,1
C01048,S01048,2022-10-15,2024-01-24,121,120.99,2,0.0043,,26,0.8667,466,0,1
C01049,S01049,2023-07-15,,37,37.06,2,0.0085,,39,1.3,236,0,0
C01050,S01050,2023-01-14,2027-12-01,94,94.43,1,0.0006,,25,0.8333,1782,0,1
C01051,S01051,2020-06-01,2022-02-07,108,107.81,0,0.0,,49,1.6333,616,0,1
C01052,S01052,2021-06-09,,79,79.13,2,0.0012,REF783,33,1.1,1710,1,0
C01053,S01053,2022-05-04,,71,70.7,2,0.0038,,32,1.0667,527,0,0
C01054,S01054,2022-07-29,,95,94.61,4,0.0077,,30,1.0,522,0,0
C01055,S01055,2023-07-20,,103,103.31,2,0.0194,,26,0.8667,103,0,0
C01056,S01056,2021-09-16,2023-12-23,64,63.6,2,0.0024,,15,0.5,828,0,1
C01057,S01057,2023-05-17,2028-01-15,103,103.34,1,0.0006,,29,0.9667,1704,0,1
C01058,S01058,2021-08-09,2026-01-11,36,35.81,1,0.0006,,15,0.5,1616,0,1
C01059,S01059,2020-08-07,2022-03-20,73,73.1,2,0.0034,,32,1.0667,590,0,1
C01060,S01060,2021-12-13,2024-01-18,79,78.92,2,0.0026,REF757,20,0.6667,766,1,1
C01061,S01061,2020-08-11,2023-12-19,89,89.17,2,0.0016,,35,1.1667,1225,0,1
C01062,S01062,2021-09-03,2026-05-21,44,44.03,1,0.0006,,18,0.6,1721,0,1
C01063,S01063,2020-12-29,,75,75.49,2,0.0018,,19,0.6333,1111,0,0
C01064,S01064,2020-02-08,,55,54.56,0,0.0,,47,1.5667,408,0,0
C01065,S01065,2022-09-22,,135,134.55,2,0.0029,REF205,26,0.8667,679,1,0
C01066,S01066,2023-01-17,,75,74.72,1,0.0008,,27,0.9,1319,0,0
C01067,S01067,2020-07-16,2020-10-24,112,112.48,4,0.04,REF943,21,0.7,100,1,1
C01068,S01068,2022-05-26,2025-06-02,54,54.25,3,0.0027,,28,0.9333,1103,0,1
C01069,S01069,2022-01-23,2025-11-21,101,101.35,0,0.0,,34,1.1333,1398,0,1
C01070,S01070,2020-07-25,,67,66.62,1,0.0015,,7,0.2333,662,0,0
C01071,S01071,2022-07-01,2025-03-24,88,88.34,3,0.003,,20,0.6667,997,0,1
C01072,S01072,2021-01-26,2024-08-26,83,83.3,2,0.0015,,48,1.6,1308,0,1
C01073,S01073,2023-05-18,2026-05-17,80,80.5,1,0.0009,,32,1.0667,1095,0,1
C01074,S01074,2022-07-05,,69,68.81,0,0.0,REF552,17,0.5667,102,1,0
C01075,S01075,2020-06-16,,110,110.38,1,0.0009,,41,1.3667,1078,0,0
C01076,S01076,2022-02-16,2023-05-23,103,103.05,0,0.0,,44,1.4667,461,0,1
C01077,S01077,2020-06-24,2024-03-02,79,79.47,4,0.003,REF128,18,0.6,1347,1,1
C01078,S01078,2022-12-21,2024-05-18,97,97.46,4,0.0078,,39,1.3,514,0,1
C01079,S01079,2021-03-22,2026-01-17,84,84.21,0,0.0,REF677,44,1.4667,1762,1,1
C01080,S01080,2022-01-03,2022-09-24,77,76.55,4,0.0152,REF733,7,0.2333,264,1,1
C01081,S01081,2022-11-10,,109,109.33,0,0.0,,21,0.7,1609,0,0
C01082,S01082,2023-06-20,2023-10-17,47,46.75,2,0.0168,REF460,4,0.1333,119,1,1
C01083,S01083,2022-02-07,2025-07-09,98,97.76,0,0.0,,34,1.1333,1248,0,1
C01084,S01084,2020-04-26,2022-03-01,84,83.59,1,0.0015,,24,0.8,674,0,1
C01085,S01085,2021-01-23,,79,79.07,1,0.0025,,27,0.9,399,0,0
C01086,S01086,2022-07-08,2023-09-20,140,139.83,4,0.0091,,31,1.0333,439,0,1
C01087,S01087,2020-03-03,2020-07-08,96,95.5,0,0.0,,11,0.3667,127,0,1
C01088,S01088,2021-07-11,2022-04-28,101,101.29,1,0.0034,,9,0.3,291,0,1
C01089,S01089,2021-04-30,,86,85.97,1,0.0013,,13,0.4333,742,0,0
C01090,S01090,2021-04-05,2022-03-04,92,92.13,3,0.009,,50,1.6667,333,0,1
C01091,S01091,2023-12-01,2028-09-09,86,86.49,2,0.0011,,48,1.6,1744,0,1
C01092,S01092,2023-11-16,,72,72.16,1,0.0007,,40,1.3333,1497,0,0
C01093,S01093,2023-09-07,2026-02-04,119,119.45,3,0.0034,REF743,30,1.0,881,1,1
C01094,S01094,2023-07-19,2024-02-29,114,114.39,3,0.0133,REF723,47,1.5667,225,1,1
C01095,S01095,2023-09-02,2028-07-12,78,78.01,3,0.0017,REF622,51,1.7,1775,1,1
C01096,S01096,2020-10-02,2024-05-15,60,60.27,2,0.0015,,20,0.6667,1321,0,1
C01097,S01097,2021-08-13,2022-08-26,90,90.15,0,0.0,,12,0.4,378,0,1
C01098,S01098,2020-03-27,2020-08-27,120,119.7,0,0.0,,32,1.0667,153,0,1
C01099,S01099,2023-04-10,,100,100.36,5,0.0044,,15,0.5,1138,0,0
C01100,S01100,2023-07-24,2023-12-01,77,77.38,3,0.0231,,19,0.6333,130,0,1
C01101,S01101,2020-02-13,2023-03-17,83,82.63,3,0.0027,,19,0.6333,1128,0,1
C01102,S01102,2020-09-10,2022-12-18,80,80.06,1,0.0012,REF408,20,0.6667,829,1,1
C01103,S01103,2020-09-10,2025-01-18,89,88.86,2,0.0013,,30,1.0,1591,0,1
C01104,S01104,2023-10-24,,84,84.28,1,0.0014,,41,1.3667,724,0,0
C01105,S01105,2023-03-31,,118,117.68,0,0.0,,23,0.7667,839,0,0
C01106,S01106,2021-02-19,,60,60.36,1,0.001,,37,1.2333,1009,0,0
C01107,S01107,2020-03-09,2025-01-12,101,101.46,1,0.0006,,21,0.7,1770,0,1
C01108,S01108,2021-09-09,2025-03-14,83,83.18,2,0.0016,REF997,30,1.0,1282,1,1
C01109,S01109,2022-05-26,2025-10-01,107,107.44,0,0.0,,26,0.8667,1224,0,1
C01110,S01110,2020-03-08,,100,100.31,0,0.0,,42,1.4,599,0,0
C01111,S01111,2021-12-04,,84,83.82,0,0.0,,19,0.6333,900,0,0
C01112,S01112,2022-03-17,2023-04-19,108,107.5,0,0.0,,16,0.5333,398,0,1
C01113,S01113,2024-01-11,,71,70.54,2,0.0027,REF660,35,1.1667,741,1,0
C01114,S01114,2020-10-10,,78,78.14,1,0.0007,REF515,16,0.5333,1490,1,0
C01115,S01115,2020-10-02,2021-05-23,100,100.0,4,0.0172,,35,1.1667,233,0,1
C01116,S01116,2021-10-08,,78,77.83,3,0.0086,REF788,32,1.0667,347,1,0
C01117,S01117,2021-04-24,2024-04-07,121,121.05,0,0.0,,19,0.6333,1079,0,1
C01118,S01118,2023-10-11,,102,101.91,2,0.0014,REF318,33,1.1,1449,1,0
C01119,S01119,2023-03-26,2028-01-15,58,57.55,1,0.0006,,17,0.5667,1756,0,1
C01120,S01120,2021-01-13,,73,73.11,1,0.0009,REF959,23,0.7667,1081,1,0
C01121,S01121,2021-05-17,,69,69.0,1,0.0008,REF761,15,0.5,1203,1,0
C01122,S01122,2022-08-10,2024-02-24,56,56.0,2,0.0036,,25,0.8333,563,0,1
C01123,S01123,2023-07-31,,80,79.51,2,0.0026,,23,0.7667,773,0,0
C01124,S01124,2020-10-29,2022-06-27,127,127.37,2,0.0033,,23,0.7667,606,0,1
C01125,S01125,2021-03-20,2021-11-24,96,95.77,3,0.012,,34,1.1333,249,0,1
C01126,S01126,2022-07-03,2024-06-06,81,81.05,1,0.0014,,16,0.5333,704,0,1
C01127,S01127,2023-07-13,2024-09-23,74,74.5,2,0.0046,,28,0.9333,438,0,1
C01128,S01128,2021-03-09,,91,91.08,1,0.0009,,11,0.3667,1088,0,0
C01129,S01129,2021-12-02,,87,87.25,2,0.0015,,35,1.1667,1371,0,0
C01130,S01130,2022-10-19,2027-08-18,90,89.83,4,0.0023,REF674,40,1.3333,1764,1,1
C01131,S01131,2021-09-29,2026-02-06,109,109.27,1,0.0006,,22,0.7333,1591,0,1
C01132,S01132,2023-03-01,,83,83.36,1,0.0016,,41,1.3667,613,0,0
C01133,S01133,2022-02-11,2026-10-01,130,129.52,3,0.0018,,17,0.5667,1693,0,1
C01134,S01134,2023-08-14,2028-04-07,93,92.52,2,0.0012,REF339,42,1.4,1698,1,1
C01135,S01135,2022-06-30,2025-01-21,77,76.74,1,0.0011,,29,0.9667,936,0,1
C01136,S01136,2023-10-09,,60,59.87,1,0.0024,,33,1.1,416,0,0
C01137,S01137,2023-07-13,2027-05-25,90,89.82,2,0.0014,,31,1.0333,1412,0,1
C01138,S01138,2020-12-27,2021-09-09,106,105.51,1,0.0039,,29,0.9667,256,0,1
C01139,S01139,2023-09-07,2025-07-26,90,90.1,0,0.0,REF416,28,0.9333,688,1,1
C01140,S01140,2020-07-12,,84,84.06,2,0.002,,28,0.9333,985,0,0
C01141,S01141,2021-02-28,,124,123.86,0,0.0,,31,1.0333,1562,0,0
C01142,S01142,2020-03-13,2025-01-05,63,62.83,0,0.0,,21,0.7,1759,0,1
C01143,S01143,2020-06-05,2024-06-27,111,111.24,2,0.0013,,35,1.1667,1483,0,1
C01144,S01144,2022-12-16,,49,49.31,1,0.0011,,5,0.1667,903,0,0
C01145,S01145,2020-06-15,2021-01-08,95,95.26,2,0.0097,,37,1.2333,207,0,1
C01146,S01146,2020-10-07,,88,87.99,0,0.0,,26,0.8667,1451,0,0
C01147,S01147,2021-09-04,2025-12-02,112,112.05,1,0.0006,,20,0.6667,1550,0,1
C01148,S01148,2023-04-15,2025-09-13,93,93.12,3,0.0034,,41,1.3667,882,0,1
C01149,S01149,2023-05-01,2026-02-18,103,103.09,1,0.001,,48,1.6,1024,0,1
C01150,S01150,2023-12-18,,85,85.14,2,0.0013,,9,0.3,1539,0,0
C01151,S01151,2020-03-23,2021-01-06,122,121.63,2,0.0069,,23,0.7667,289,0,1
C01152,S01152,2020-08-09,,100,100.32,2,0.0014,REF953,24,0.8,1474,1,0
C01153,S01153,2021-08-21,,78,77.61,2,0.0021,REF748,27,0.9,951,1,0
C01154,S01154,2021-02-28,,32,31.8,1,0.0008,REF199,18,0.6,1253,1,0
C01155,S01155,2020-05-25,2021-06-20,99,99.45,4,0.0102,,18,0.6,391,0,1
C01156,S01156,2022-02-25,,56,56.11,4,0.0035,REF823,32,1.0667,1130,1,0
C01157,S01157,2021-12-04,2023-05-14,97,97.31,2,0.0038,,29,0.9667,526,0,1
C01158,S01158,2021-10-07,,68,67.84,1,0.001,,36,1.2,961,0,0
C01159,S01159,2020-02-03,2022-10-03,88,87.82,0,0.0,,38,1.2667,973,0,1
C01160,S01160,2021-09-30,2026-06-20,98,97.6,2,0.0012,,10,0.3333,1724,0,1
C01161,S01161,2021-11-18,2025-03-27,91,90.73,0,0.0,,47,1.5667,1225,0,1
C01162,S01162,2020-11-21,,108,107.94,4,0.0039,REF206,49,1.6333,1029,1,0
C01163,S01163,2023-04-07,2025-05-05,96,95.51,1,0.0013,REF472,27,0.9,759,1,1
C01164,S01164,2023-08-26,2025-06-02,59,58.57,3,0.0046,,23,0.7667,646,0,1
C01165,S01165,2023-10-25,,43,43.43,1,0.0008,REF474,22,0.7333,1194,1,0
C01166,S01166,2022-10-19,2027-03-02,92,92.37,0,0.0,,33,1.1,1595,0,1
C01167,S01167,2022-10-11,2025-09-01,80,79.65,0,0.0,REF425,15,0.5,1056,1,1
C01168,S01168,2020-08-18,2023-12-09,107,107.3,0,0.0,,20,0.6667,1208,0,1
C01169,S01169,2021-08-14,2023-05-06,104,104.01,1,0.0016,,45,1.5,630,0,1
C01170,S01170,2020-01-07,2022-11-03,72,72.28,2,0.0019,,46,1.5333,1031,0,1
C01171,S01171,2022-04-19,,92,92.19,2,0.0019,REF545,48,1.6,1055,1,0
C01172,S01172,2023-02-18,,57,57.2,3,0.0024,,26,0.8667,1246,0,0
C01173,S01173,2022-09-30,2024-06-01,98,97.57,3,0.0049,,23,0.7667,610,0,1
C01174,S01174,2020-01-24,2021-11-21,69,69.16,3,0.0045,REF237,46,1.5333,667,1,1
C01175,S01175,2022-04-14,2024-02-28,71,70.95,1,0.0015,,41,1.3667,685,0,1
C01176,S01176,2023-08-13,2025-10-13,38,38.12,6,0.0076,,18,0.6,792,0,1
C01177,S01177,2020-06-02,2021-12-22,91,90.6,1,0.0018,,36,1.2,568,0,1
C01178,S01178,2022-03-05,2023-04-09,74,73.92,1,0.0025,REF694,23,0.7667,400,1,1
C01179,S01179,2021-01-10,2023-07-29,109,109.38,2,0.0022,REF708,11,0.3667,930,1,1
C01180,S01180,2023-10-27,2028-01-21,90,89.93,4,0.0026,,18,0.6,1547,0,1
C01181,S01181,2022-04-06,2022-07-30,73,72.93,0,0.0,,31,1.0333,115,0,1
C01182,S01182,2023-03-03,2026-07-03,119,118.89,1,0.0008,,26,0.8667,1218,0,1
C01183,S01183,2022-02-25,2026-03-16,92,92.07,2,0.0014,,31,1.0333,1480,0,1
C01184,S01184,2023-09-03,,67,67.38,2,0.0013,,33,1.1,1494,0,0
C01185,S01185,2021-03-07,2025-05-28,58,58.19,7,0.0045,,8,0.2667,1543,0,1
C01186,S01186,2023-01-20,,61,60.95,2,0.0033,,12,0.4,612,0,0
C01187,S01187,2021-10-05,2022-05-28,64,64.18,3,0.0128,,33,1.1,235,0,1
C01188,S01188,2022-05-14,,96,95.66,2,0.0011,,35,1.1667,1792,0,0
C01189,S01189,2022-10-25,,99,98.86,6,0.0047,,18,0.6,1277,0,0
C01190,S01190,2020-09-16,2022-07-29,69,69.08,1,0.0015,REF865,30,1.0,681,1,1
C01191,S01191,2023-07-25,2027-10-14,95,95.18,0,0.0,REF499,18,0.6,1542,1,1
C01192,S01192,2022-12-27,2024-11-01,105,105.21,0,0.0,,19,0.6333,675,0,1
C01193,S01193,2021-09-05,,64,63.8,1,0.0007,REF577,29,0.9667,1363,1,0
C01194,S01194,2022-06-07,2027-03-04,84,84.21,2,0.0012,REF219,27,0.9,1731,1,1
C01195,S01195,2022-09-22,2026-07-19,87,87.15,1,0.0007,REF412,34,1.1333,1396,1,1
C01196,S01196,2021-11-12,,93,93.28,0,0.0,,14,0.4667,1199,0,0
C01197,S01197,2022-08-10,2023-09-06,79,79.44,6,0.0153,,27,0.9,392,0,1
C01198,S01198,2022-04-17,2026-11-26,112,112.34,1,0.0006,REF604,31,1.0333,1684,1,1
C01199,S01199,2023-03-15,2025-05-23,115,114.57,2,0.0025,,39,1.3,800,0,1
C01200,S01200,2020-12-14,,79,78.92,3,0.0026,,31,1.0333,1144,0,0
C01201,S01201,2020-01-07,2023-02-04,73,72.54,1,0.0009,,32,1.0667,1124,0,1
C01202,S01202,2021-08-29,,49,49.28,1,0.002,,40,1.3333,488,0,0
C01203,S01203,2023-05-21,2026-06-03,104,104.36,2,0.0018,REF474,39,1.3,1109,1,1
C01204,S01204,2020-07-05,2022-07-14,111,110.68,2,0.0027,REF989,23,0.7667,739,1,1
C01205,S01205,2023-07-15,2025-05-13,100,99.7,0,0.0,,46,1.5333,668,0,1
C01206,S01206,2021-09-06,,55,55.45,2,0.0013,,30,1.0,1554,0,0
C01207,S01207,2020-11-08,2024-06-16,100,100.39,0,0.0,REF349,42,1.4,1316,1,1
C01208,S01208,2021-12-01,2024-05-30,105,104.95,2,0.0022,,11,0.3667,911,0,1
C01209,S01209,2023-05-02,2023-08-03,121,120.54,3,0.0323,,8,0.2667,93,0,1
C01210,S01210,2023-07-10,2027-01-23,91,91.07,1,0.0008,,38,1.2667,1293,0,1
C01211,S01211,2022-07-08,2026-03-13,45,45.49,2,0.0015,,22,0.7333,1344,0,1
C01212,S01212,2022-03-01,2023-02-13,115,114.69,2,0.0057,,25,0.8333,349,0,1
C01213,S01213,2023-04-24,2027-01-30,111,110.71,3,0.0022,,31,1.0333,1377,0,1
C01214,S01214,2023-09-25,2025-10-19,99,99.28,0,0.0,,18,0.6,755,0,1
C01215,S01215,2023-04-08,2026-12-02,73,73.48,1,0.0007,,25,0.8333,1334,0,1
C01216,S01216,2023-12-22,2028-02-19,57,56.97,0,0.0,REF146,28,0.9333,1520,1,1
C01217,S01217,2023-05-31,2026-11-29,54,53.83,0,0.0,REF879,31,1.0333,1278,1,1
C01218,S01218,2020-03-14,,41,40.9,2,0.0012,REF563,31,1.0333,1697,1,0
C01219,S01219,2020-01-30,2020-08-09,92,92.33,5,0.026,,30,1.0,192,0,1
C01220,S01220,2022-06-14,2024-02-28,111,110.98,4,0.0064,,24,0.8,624,0,1
C01221,S01221,2023-12-06,2024-05-17,69,68.57,1,0.0061,,35,1.1667,163,0,1
C01222,S01222,2021-03-24,2022-03-19,89,88.54,3,0.0083,,45,1.5,360,0,1
C01223,S01223,2023-12-20,2025-11-29,106,106.06,2,0.0028,,25,0.8333,710,0,1
C01224,S01224,2023-06-30,2023-10-08,119,119.45,1,0.01,REF163,23,0.7667,100,1,1
C01225,S01225,2020-07-30,2022-08-18,80,80.35,1,0.0013,,16,0.5333,749,0,1
C01226,S01226,2022-01-11,,62,61.88,2,0.0071,,47,1.5667,281,0,0
C01227,S01227,2020-11-27,,35,35.03,1,0.0039,,20,0.6667,257,0,0
C01228,S01228,2020-04-27,,74,73.87,1,0.0007,,25,0.8333,1514,0,0
C01229,S01229,2022-11-02,2026-07-18,73,73.09,3,0.0022,REF941,22,0.7333,1354,1,1
C01230,S01230,2020-11-18,2023-03-20,67,67.31,5,0.0059,,19,0.6333,852,0,1
C01231,S01231,2022-04-19,,72,71.69,0,0.0,,15,0.5,1047,0,0
C01232,S01232,2022-10-07,2024-04-26,89,88.82,3,0.0053,,22,0.7333,567,0,1
C01233,S01233,2021-10-10,2024-04-02,98,97.51,1,0.0011,REF286,35,1.1667,905,1,1
C01234,S01234,2020-04-29,2024-03-08,81,80.6,3,0.0021,,17,0.5667,1409,0,1
C01235,S01235,2020-04-13,2022-12-06,94,94.12,1,0.001,REF962,5,0.1667,967,1,1
C01236,S01236,2021-07-22,2025-07-01,93,92.65,3,0.0021,,47,1.5667,1440,0,1
C01237,S01237,2020-03-04,2022-08-24,101,101.49,1,0.0011,REF409,49,1.6333,903,1,1
C01238,S01238,2023-07-31,2025-06-20,67,66.64,2,0.0029,,29,0.9667,690,0,1
C01239,S01239,2020-09-06,,44,43.52,5,0.0031,,37,1.2333,1616,0,0
C01240,S01240,2020-02-13,,59,59.08,4,0.0025,,25,0.8333,1628,0,0
C01241,S01241,2020-07-29,2021-10-29,113,112.62,1,0.0022,,39,1.3,457,0,1
C01242,S01242,2022-11-10,2025-03-24,108,108.33,2,0.0023,REF407,40,1.3333,865,1,1
C01243,S01243,2022-06-02,2026-04-06,89,89.17,1,0.0007,REF290,51,1.7,1404,1,1
C01244,S01244,2022-10-10,2024-03-07,78,77.77,1,0.0019,,27,0.9,514,0,1
C01245,S01245,2021-06-04,2025-02-25,84,84.05,1,0.0007,,29,0.9667,1362,0,1
C01246,S01246,2021-04-26,,77,76.98,0,0.0,REF254,21,0.7,1625,1,0
C01247,S01247,2022-10-04,2024-01-17,87,87.14,0,0.0,REF819,20,0.6667,470,1,1
C01248,S01248,2020-06-18,2021-05-10,110,109.5,4,0.0123,,54,1.8,326,0,1
C01249,S01249,2021-08-14,,67,66.57,1,0.0006,,48,1.6,1703,0,0
C01250,S01250,2020-06-02,,84,83.59,3,0.0017,,19,0.6333,1792,0,0
C01251,S01251,2021-09-28,2025-12-29,110,109.93,2,0.0013,,36,1.2,1553,0,1
C01252,S01252,2023-12-24,,109,108.72,5,0.0044,REF478,43,1.4333,1127,1,0
C01253,S01253,2023-06-29,2024-01-23,95,95.47,1,0.0048,,26,0.8667,208,0,1
C01254,S01254,2022-10-12,,85,84.69,2,0.0012,,32,1.0667,1652,0,0
C01255,S01255,2022-09-13,2023-10-24,83,83.4,1,0.0025,,24,0.8,406,0,1
C01256,S01256,2021-07-17,2022-07-23,104,103.63,2,0.0054,,39,1.3,371,0,1
C01257,S01257,2022-11-23,,108,107.57,0,0.0,,20,0.6667,1307,0,0
C01258,S01258,2023-06-04,,42,42.05,1,0.0014,REF600,17,0.5667,737,1,0
C01259,S01259,2022-04-18,2026-08-04,80,79.55,5,0.0032,,37,1.2333,1569,0,1
C01260,S01260,2020-06-04,2024-09-30,127,126.56,2,0.0013,,24,0.8,1579,0,1
C01261,S01261,2022-11-07,,56,56.12,2,0.0014,REF386,30,1.0,1461,1,0
C01262,S01262,2020-07-09,,90,90.43,1,0.0007,,35,1.1667,1516,0,0
C01263,S01263,2021-04-30,,82,81.75,1,0.001,,35,1.1667,1009,0,0
C01264,S01264,2020-10-23,,83,83.37,3,0.0019,,35,1.1667,1577,0,0
C01265,S01265,2020-03-16,,112,112.38,0,0.0,,31,1.0333,1652,0,0
C01266,S01266,2023-02-19,2024-08-19,87,87.29,3,0.0055,,23,0.7667,547,0,1
C01267,S01267,2022-08-25,2024-11-01,86,86.18,2,0.0025,,14,0.4667,799,0,1
C01268,S01268,2021-09-05,,108,107.98,3,0.0026,REF480,29,0.9667,1134,1,0
C01269,S01269,2021-07-26,,65,64.97,1,0.0006,REF533,47,1.5667,1555,1,0
C01270,S01270,2022-08-21,2024-08-27,86,86.25,3,0.0041,,27,0.9,737,0,1
C01271,S01271,2022-03-08,,88,87.55,2,0.0039,,54,1.8,512,0,0
C01272,S01272,2020-12-14,2022-08-24,114,113.82,0,0.0,,25,0.8333,618,0,1
C01273,S01273,2021-12-21,2025-12-11,50,49.52,4,0.0028,,31,1.0333,1451,0,1
C01274,S01274,2023-03-11,,29,28.53,0,0.0,,30,1.0,965,0,0
C01275,S01275,2022-04-08,2023-08-24,99,99.05,1,0.002,,42,1.4,503,0,1
C01276,S01276,2023-04-17,2026-11-11,86,86.08,0,0.0,,43,1.4333,1304,0,1
C01277,S01277,2022-02-01,2025-05-24,80,79.67,1,0.0008,REF379,32,1.0667,1208,1,1
C01278,S01278,2021-09-11,,76,76.31,0,0.0,,31,1.0333,962,0,0
C01279,S01279,2023-01-18,2026-03-01,111,111.03,2,0.0018,,20,0.6667,1138,0,1
C01280,S01280,2020-11-09,,45,45.29,1,0.0022,REF635,12,0.4,461,1,0
C01281,S01281,2022-07-29,,37,36.77,2,0.0053,REF518,21,0.7,377,1,0
C01282,S01282,2022-08-03,2026-08-07,60,59.65,6,0.0041,,23,0.7667,1465,0,1
C01283,S01283,2021-02-19,2024-07-16,86,85.82,4,0.0032,,22,0.7333,1243,0,1
C01284,S01284,2021-01-19,2025-11-15,100,100.26,3,0.0017,REF790,23,0.7667,1761,1,1
C01285,S01285,2020-05-05,,82,81.65,0,0.0,,32,1.0667,1693,0,0
C01286,S01286,2020-08-10,2022-07-02,104,103.84,1,0.0014,,30,1.0,691,0,1
C01287,S01287,2020-05-23,2022-10-04,79,78.79,1,0.0012,,26,0.8667,864,0,1
C01288,S01288,2022-07-12,,91,91.27,4,0.0026,,22,0.7333,1537,0,0
C01289,S01289,2020-07-01,2020-09-04,107,107.01,1,0.0154,REF799,24,0.8,65,1,1
C01290,S01290,2022-02-08,2026-05-21,88,87.68,1,0.0006,REF670,19,0.6333,1563,1,1
C01291,S01291,2020-06-16,2021-06-02,119,119.38,3,0.0085,,31,1.0333,351,0,1
C01292,S01292,2023-03-21,2024-08-15,83,82.84,1,0.0019,,29,0.9667,513,0,1
C01293,S01293,2022-10-13,,98,98.31,1,0.0011,REF192,33,1.1,898,1,0
C01294,S01294,2021-03-14,2024-09-21,121,120.55,0,0.0,,22,0.7333,1287,0,1
C01295,S01295,2023-01-07,2024-11-12,92,92.13,2,0.003,,38,1.2667,675,0,1
C01296,S01296,2020-12-03,2025-07-22,66,66.43,0,0.0,,52,1.7333,1692,0,1
C01297,S01297,2022-08-10,,75,75.33,1,0.0007,,20,0.6667,1422,0,0
C01298,S01298,2022-08-18,2026-04-26,70,69.68,2,0.0015,,32,1.0667,1347,0,1
C01299,S01299,2021-10-16,2025-08-20,66,66.37,3,0.0021,,28,0.9333,1404,0,1
C01300,S01300,2022-11-17,2023-03-09,79,79.28,3,0.0268,REF901,24,0.8,112,1,1
C01301,S01301,2023-11-22,,46,46.07,3,0.002,REF725,46,1.5333,1491,1,0
C01302,S01302,2021-09-12,2024-09-27,90,90.29,2,0.0018,,4,0.1333,1111,0,1
C01303,S01303,2021-03-01,2022-03-20,78,77.69,5,0.013,,28,0.9333,384,0,1
C01304,S01304,2021-10-25,2025-09-08,65,65.41,2,0.0014,,49,1.6333,1414,0,1
C01305,S01305,2022-05-01,,113,113.1,1,0.0041,,41,1.3667,243,0,0
C01306,S01306,2020-07-04,2023-08-13,92,92.03,3,0.0026,,14,0.4667,1135,0,1
C01307,S01307,2023-12-10,,71,71.06,0,0.0,,24,0.8,1050,0,0
C01308,S01308,2021-12-05,2022-03-25,62,62.47,4,0.0364,,18,0.6,110,0,1
C01309,S01309,2023-12-16,2025-11-27,122,122.46,4,0.0056,REF761,14,0.4667,712,1,1
C01310,S01310,2023-12-12,,75,75.06,3,0.0112,REF683,19,0.6333,269,1,0
C01311,S01311,2020-04-05,,109,109.48,3,0.0018,REF566,33,1.1,1707,1,0
C01312,S01312,2020-06-19,2024-06-12,57,56.54,2,0.0014,,43,1.4333,1454,0,1
C01313,S01313,2020-09-29,2025-08-26,85,85.24,5,0.0028,,16,0.5333,1792,0,1
C01314,S01314,2022-05-01,,61,61.37,1,0.0011,,23,0.7667,909,0,0
C01315,S01315,2021-06-14,,69,68.57,2,0.0032,,20,0.6667,632,0,0
C01316,S01316,2020-01-28,2024-10-19,56,55.88,1,0.0006,,28,0.9333,1726,0,1
C01317,S01317,2022-04-26,,75,74.86,0,0.0,REF606,53,1.7667,593,1,0
C01318,S01318,2021-05-03,,63,63.44,1,0.0013,REF207,26,0.8667,782,1,0
C01319,S01319,2023-06-19,,97,96.58,1,0.0034,,16,0.5333,292,0,0
C01320,S01320,2023-02-15,2027-03-15,117,117.18,2,0.0013,,17,0.5667,1489,0,1
C01321,S01321,2023-06-20,,103,102.81,1,0.0037,,29,0.9667,268,0,0
C01322,S01322,2022-04-30,,104,104.5,1,0.0083,,13,0.4333,121,0,0
C01323,S01323,2022-11-09,2026-12-27,85,84.81,2,0.0013,,38,1.2667,1509,0,1
C01324,S01324,2020-05-01,,77,76.92,1,0.0007,REF926,44,1.4667,1523,1,0
C01325,S01325,2023-02-13,2027-05-08,94,93.95,1,0.0006,REF822,28,0.9333,1545,1,1
C01326,S01326,2021-11-08,,69,69.4,1,0.0006,,29,0.9667,1554,0,0
C01327,S01327,2020-01-07,2020-11-08,93,93.14,6,0.0196,REF917,29,0.9667,306,1,1
C01328,S01328,2020-04-28,,70,70.47,1,0.0014,,36,1.2,690,0,0
C01329,S01329,2021-04-07,2025-01-27,76,75.96,7,0.005,,30,1.0,1391,0,1
C01330,S01330,2021-07-14,2023-03-04,96,96.45,1,0.0017,,21,0.7,598,0,1
C01331,S01331,2020-11-09,2024-09-23,115,114.62,1,0.0007,,27,0.9,1414,0,1
C01332,S01332,2023-02-27,2027-08-28,127,126.92,4,0.0024,,20,0.6667,1643,0,1
C01333,S01333,2021-11-01,,119,119.07,1,0.0006,,14,0.4667,1732,0,0
C01334,S01334,2021-01-22,2024-12-05,92,91.78,4,0.0028,,17,0.5667,1413,0,1
C01335,S01335,2022-10-07,2026-09-23,89,89.3,1,0.0007,,25,0.8333,1447,0,1
C01336,S01336,2021-11-11,2024-11-15,67,67.34,1,0.0009,,28,0.9333,1100,0,1
C01337,S01337,2023-03-14,2023-09-25,91,90.63,4,0.0205,REF742,29,0.9667,195,1,1
C01338,S01338,2022-01-20,,60,59.65,4,0.0049,,35,1.1667,819,0,0
C01339,S01339,2023-01-29,2027-10-13,86,86.2,2,0.0012,,17,0.5667,1718,0,1
C01340,S01340,2023-07-03,,110,110.12,1,0.0006,,26,0.8667,1647,0,0
C01341,S01341,2020-04-28,2021-08-16,111,111.29,1,0.0021,,5,0.1667,475,0,1
C01342,S01342,2020-07-01,2024-03-22,123,122.92,1,0.0007,REF338,41,1.3667,1360,1,1
C01343,S01343,2022-12-31,,74,73.66,0,0.0,,11,0.3667,594,0,0
C01344,S01344,2022-04-05,,70,70.27,1,0.0013,,25,0.8333,785,0,0
C01345,S01345,2020-12-27,,81,80.7,3,0.0025,REF402,19,0.6333,1189,1,0
C01346,S01346,2020-02-16,2022-08-28,79,78.9,0,0.0,,19,0.6333,924,0,1
C01347,S01347,2023-12-04,,119,119.03,1,0.0009,,36,1.2,1111,0,0
C01348,S01348,2020-05-20,,62,62.25,2,0.0087,,31,1.0333,231,0,0
C01349,S01349,2021-11-25,,80,79.92,0,0.0,,16,0.5333,576,0,0
C01350,S01350,2020-11-27,2024-12-06,111,110.6,1,0.0007,REF879,18,0.6,1470,1,1
C01351,S01351,2021-08-16,,65,65.14,0,0.0,,26,0.8667,1137,0,0
C01352,S01352,2022-12-15,2027-02-16,101,101.42,2,0.0013,,17,0.5667,1524,0,1
C01353,S01353,2022-02-02,,73,73.44,2,0.0012,REF308,21,0.7,1739,1,0
C01354,S01354,2020-03-02,,95,95.4,2,0.0029,,26,0.8667,678,0,0
C01355,S01355,2020-05-10,2021-10-11,89,89.05,2,0.0039,,29,0.9667,519,0,1
C01356,S01356,2023-11-18,,113,112.74,1,0.0017,,16,0.5333,598,0,0
C01357,S01357,2021-01-12,,33,33.01,1,0.0009,REF652,31,1.0333,1055,1,0
C01358,S01358,2021-10-03,2023-02-13,57,57.01,2,0.004,,27,0.9,498,0,1
C01359,S01359,2023-03-24,2025-04-01,102,102.5,2,0.0027,,43,1.4333,739,0,1
C01360,S01360,2023-06-11,,84,84.25,1,0.0028,,30,1.0,361,0,0
C01361,S01361,2021-03-02,2023-03-03,107,107.05,1,0.0014,,23,0.7667,731,0,1
C01362,S01362,2020-11-28,2025-08-03,89,88.94,3,0.0018,REF691,24,0.8,1709,1,1
C01363,S01363,2021-10-18,,83,82.6,2,0.0025,REF264,28,0.9333,797,1,0
C01364,S01364,2021-05-21,,91,90.79,3,0.0022,,25,0.8333,1380,0,0
C01365,S01365,2022-11-17,2025-02-02,76,76.35,2,0.0025,REF175,26,0.8667,808,1,1
C01366,S01366,2022-12-26,,81,80.79,3,0.0037,,28,0.9333,814,0,0
C01367,S01367,2021-01-25,2024-05-14,99,98.52,4,0.0033,,46,1.5333,1205,0,1
C01368,S01368,2021-07-22,2022-03-30,70,70.12,3,0.012,,35,1.1667,251,0,1
C01369,S01369,2022-12-31,,75,75.46,2,0.0029,,30,1.0,678,0,0
C01370,S01370,2022-01-31,,46,46.15,2,0.0066,,30,1.0,302,0,0
C01371,S01371,2022-04-06,2023-05-17,88,88.0,1,0.0025,,34,1.1333,406,0,1
C01372,S01372,2023-04-28,,112,112.03,1,0.0008,,14,0.4667,1295,0,0
C01373,S01373,2022-09-04,2023-09-02,72,71.63,1,0.0028,REF130,32,1.0667,363,1,1
C01374,S01374,2022-09-03,2023-10-21,61,61.43,3,0.0073,,28,0.9333,413,0,1
C01375,S01375,2021-12-23,,74,74.25,1,0.0009,,42,1.4,1056,0,0
C01376,S01376,2023-06-07,,92,92.16,0,0.0,,30,1.0,665,0,0
C01377,S01377,2020-02-04,2020-11-03,47,47.06,2,0.0073,,21,0.7,273,0,1
C01378,S01378,2020-05-09,,102,102.34,1,0.0006,,55,1.8333,1725,0,0
C01379,S01379,2022-10-11,2027-05-04,92,91.86,3,0.0018,,18,0.6,1666,0,1
C01380,S01380,2022-07-01,,101,101.2,2,0.0019,,33,1.1,1071,0,0
C01381,S01381,2021-02-23,,80,80.42,2,0.0021,,26,0.8667,973,0,0
C01382,S01382,2022-06-20,2026-06-25,118,117.71,0,0.0,,50,1.6667,1466,0,1
C01383,S01383,2020-06-09,2025-03-29,73,72.86,0,0.0,,33,1.1,1754,0,1
C01384,S01384,2022-06-29,2023-02-24,65,64.84,4,0.0167,REF807,15,0.5,240,1,1
C01385,S01385,2021-06-25,2022-02-09,51,51.38,3,0.0131,,22,0.7333,229,0,1
C01386,S01386,2022-06-02,,99,99.29,1,0.0016,,37,1.2333,634,0,0
C01387,S01387,2021-05-26,2023-01-05,55,55.27,2,0.0034,,5,0.1667,589,0,1
C01388,S01388,2022-12-21,,71,71.3,3,0.0019,,50,1.6667,1618,0,0
C01389,S01389,2020-06-16,2023-01-16,95,95.28,2,0.0021,,11,0.3667,944,0,1
C01390,S01390,2023-06-20,,109,109.4,2,0.0014,,30,1.0,1470,0,0
C01391,S01391,2022-01-12,2025-05-17,68,67.97,0,0.0,,6,0.2,1221,0,1
C01392,S01392,2020-12-10,2024-07-20,96,95.78,3,0.0023,REF361,17,0.5667,1318,1,1
C01393,S01393,2023-12-14,,73,73.26,2,0.0012,,47,1.5667,1724,0,0
C01394,S01394,2020-06-05,2023-05-23,89,88.6,1,0.0009,,32,1.0667,1082,0,1
C01395,S01395,2022-03-16,,63,63.17,1,0.0007,,31,1.0333,1410,0,0
C01396,S01396,2020-04-20,2021-09-29,68,68.39,2,0.0038,REF303,59,1.9667,527,1,1
C01397,S01397,2023-09-11,,55,55.05,4,0.0078,REF917,16,0.5333,511,1,0
C01398,S01398,2020-08-25,2023-08-08,90,90.11,2,0.0019,,14,0.4667,1078,0,1
C01399,S01399,2021-01-12,,80,79.66,0,0.0,,29,0.9667,1628,0,0
C01400,S01400,2022-09-10,2023-02-05,103,103.25,3,0.0203,REF633,26,0.8667,148,1,1
C01401,S01401,2023-08-20,,56,56.42,1,0.0011,,26,0.8667,931,0,0
C01402,S01402,2021-09-16,2022-11-01,80,80.27,3,0.0073,,34,1.1333,411,0,1
C01403,S01403,2021-01-25,,110,109.76,1,0.0006,,36,1.2,1598,0,0
C01404,S01404,2021-06-08,2024-01-25,113,113.19,1,0.001,REF121,44,1.4667,961,1,1
C01405,S01405,2023-10-08,2024-02-18,99,99.29,2,0.015,,53,1.7667,133,0,1
C01406,S01406,2023-09-26,2023-11-28,89,88.75,1,0.0159,,36,1.2,63,0,1
C01407,S01407,2020-07-02,2023-09-18,98,97.83,3,0.0026,,32,1.0667,1173,0,1
C01408,S01408,2023-09-12,2024-12-19,129,128.64,3,0.0065,,27,0.9,464,0,1
C01409,S01409,2023-06-15,2023-10-24,83,82.96,2,0.0153,,29,0.9667,131,0,1
C01410,S01410,2022-03-19,2023-02-06,65,65.32,0,0.0,,20,0.6667,324,0,1
C01411,S01411,2021-01-18,,101,100.72,2,0.0061,REF372,14,0.4667,328,1,0
C01412,S01412,2021-11-18,2023-09-10,99,99.44,1,0.0015,,23,0.7667,661,0,1
C01413,S01413,2023-03-08,2026-10-07,93,93.24,1,0.0008,,34,1.1333,1309,0,1
C01414,S01414,2021-02-09,2025-05-12,65,65.42,1,0.0006,REF527,22,0.7333,1553,1,1
C01415,S01415,2021-05-30,2024-02-10,77,77.36,0,0.0,,16,0.5333,986,0,1
C01416,S01416,2021-11-20,2026-07-25,60,59.84,3,0.0018,,9,0.3,1708,0,1
C01417,S01417,2020-04-11,2024-03-17,98,98.11,1,0.0007,,33,1.1,1436,0,1
C01418,S01418,2021-09-08,,82,81.72,2,0.0058,REF529,31,1.0333,347,1,0
C01419,S01419,2020-07-19,2024-03-19,93,92.57,2,0.0015,,33,1.1,1339,0,1
C01420,S01420,2020-01-11,2021-04-17,44,43.72,2,0.0043,,28,0.9333,462,0,1
C01421,S01421,2021-08-03,2026-05-05,84,83.67,3,0.0017,,36,1.2,1736,0,1
C01422,S01422,2023-02-11,2027-04-24,139,139.0,1,0.0007,,11,0.3667,1533,0,1
C01423,S01423,2024-01-14,2024-07-03,57,57.02,1,0.0058,,37,1.2333,171,0,1
C01424,S01424,2021-10-19,2022-10-14,95,94.57,2,0.0056,,32,1.0667,360,0,1
C01425,S01425,2023-02-04,,98,97.62,0,0.0,,39,1.3,828,0,0
C01426,S01426,2020-11-30,,77,76.54,2,0.0015,,35,1.1667,1349,0,0
C01427,S01427,2022-08-12,2025-05-28,121,121.05,1,0.001,,28,0.9333,1020,0,1
C01428,S01428,2022-09-26,2023-04-22,114,114.44,0,0.0,,43,1.4333,208,0,1
C01429,S01429,2021-05-13,2024-07-09,86,85.88,0,0.0,,45,1.5,1153,0,1
C01430,S01430,2021-11-02,,84,83.91,5,0.0042,,42,1.4,1188,0,0
C01431,S01431,2022-10-02,,43,43.09,2,0.0012,,36,1.2,1677,0,0
C01432,S01432,2021-04-15,2022-09-19,81,80.89,1,0.0019,,46,1.5333,522,0,1
C01433,S01433,2022-06-24,,76,76.22,1,0.0079,,44,1.4667,126,0,0
C01434,S01434,2020-12-12,2024-09-06,99,98.71,0,0.0,,22,0.7333,1364,0,1
C01435,S01435,2022-03-14,2025-09-16,130,129.95,2,0.0016,REF804,24,0.8,1282,1,1
C01436,S01436,2020-03-29,2022-11-17,90,90.5,4,0.0042,,28,0.9333,963,0,1
C01437,S01437,2021-10-31,,119,118.58,0,0.0,REF819,26,0.8667,1264,1,0
C01438,S01438,2022-01-24,2023-01-30,109,109.14,5,0.0135,REF128,21,0.7,371,1,1
C01439,S01439,2023-05-25,,77,76.65,5,0.018,REF358,33,1.1,278,1,0
C01440,S01440,2021-07-17,2023-08-15,85,84.62,0,0.0,,37,1.2333,759,0,1
C01441,S01441,2020-01-10,2024-06-12,80,80.2,0,0.0,,39,1.3,1615,0,1
C01442,S01442,2020-03-01,,45,44.89,2,0.0021,,24,0.8,954,0,0
C01443,S01443,2022-03-20,,98,97.61,0,0.0,,26,0.8667,1172,0,0
C01444,S01444,2023-05-03,,92,92.27,1,0.0006,REF639,26,0.8667,1792,1,0
C01445,S01445,2023-08-28,,78,78.0,2,0.0034,,44,1.4667,586,0,0
C01446,S01446,2023-04-27,,74,74.35,2,0.0022,REF129,33,1.1,895,1,0
C01447,S01447,2021-05-24,2024-10-28,79,79.35,3,0.0024,,16,0.5333,1253,0,1
C01448,S01448,2022-01-05,2022-11-24,93,92.83,1,0.0031,REF613,33,1.1,323,1,1
C01449,S01449,2023-08-25,2025-09-22,87,86.91,3,0.004,,38,1.2667,759,0,1
C01450,S01450,2023-06-12,,129,128.99,4,0.0039,,53,1.7667,1026,0,0
C01451,S01451,2021-11-11,2023-06-22,71,71.12,4,0.0068,,39,1.3,588,0,1
C01452,S01452,2021-12-22,2023-03-10,99,98.6,0,0.0,,36,1.2,443,0,1
C01453,S01453,2020-04-14,2022-07-14,70,69.87,0,0.0,REF169,17,0.5667,821,1,1
C01454,S01454,2020-09-10,2025-01-17,72,72.02,1,0.0006,,16,0.5333,1590,0,1
C01455,S01455,2022-03-04,,54,54.31,2,0.0026,,36,1.2,783,0,0
C01456,S01456,2022-02-15,2026-04-06,109,109.08,2,0.0013,,20,0.6667,1511,0,1
C01457,S01457,2022-05-12,2025-09-30,135,134.58,0,0.0,,48,1.6,1237,0,1
C01458,S01458,2021-04-13,2022-01-21,116,116.19,2,0.0071,,52,1.7333,283,0,1
C01459,S01459,2020-12-06,2025-06-13,77,76.66,3,0.0018,REF615,25,0.8333,1650,1,1
C01460,S01460,2021-11-09,2024-10-27,52,52.08,1,0.0009,,35,1.1667,1083,0,1
C01461,S01461,2023-08-11,2026-06-25,100,100.02,2,0.0019,REF166,24,0.8,1049,1,1
C01462,S01462,2023-12-27,2027-06-20,103,103.37,1,0.0008,REF764,34,1.1333,1271,1,1
C01463,S01463,2020-03-19,2020-07-29,113,112.78,2,0.0152,,5,0.1667,132,0,1
C01464,S01464,2021-06-17,,65,65.46,2,0.004,,27,0.9,497,0,0
C01465,S01465,2022-02-20,2026-02-01,47,46.53,2,0.0014,,26,0.8667,1442,0,1
C01466,S01466,2020-11-19,2024-01-12,110,109.88,2,0.0017,,29,0.9667,1149,0,1
C01467,S01467,2021-06-13,2023-06-20,123,123.02,1,0.0014,,31,1.0333,737,0,1
C01468,S01468,2020-07-11,,101,100.96,3,0.0035,REF512,18,0.6,865,1,0
C01469,S01469,2021-11-26,,61,60.73,0,0.0,,15,0.5,1138,0,0
C01470,S01470,2023-08-18,2026-02-01,67,66.86,6,0.0067,,34,1.1333,898,0,1
C01471,S01471,2023-10-24,,86,86.35,1,0.0012,,12,0.4,855,0,0
C01472,S01472,2020-01-23,,88,87.55,3,0.0029,,15,0.5,1019,0,0
C01473,S01473,2022-08-13,2024-02-13,105,104.81,1,0.0018,,21,0.7,549,0,1
C01474,S01474,2023-09-23,2026-08-10,78,77.92,2,0.0019,,11,0.3667,1052,0,1
C01475,S01475,2023-02-26,,98,97.93,0,0.0,REF955,35,1.1667,1264,1,0
C01476,S01476,2020-04-02,2023-10-19,54,54.45,2,0.0015,,15,0.5,1295,0,1
C01477,S01477,2021-08-07,2024-09-19,85,84.69,3,0.0026,,25,0.8333,1139,0,1
C01478,S01478,2023-02-02,2025-05-29,70,69.5,5,0.0059,,37,1.2333,847,0,1
C01479,S01479,2024-01-09,,64,63.53,2,0.0017,,33,1.1,1199,0,0
C01480,S01480,2021-03-16,,75,75.24,0,0.0,,43,1.4333,1317,0,0
C01481,S01481,2021-02-28,2022-10-20,63,63.42,3,0.005,,23,0.7667,599,0,1
C01482,S01482,2021-01-09,2023-07-03,111,111.12,2,0.0022,,17,0.5667,905,0,1
C01483,S01483,2023-09-04,,54,53.76,1,0.0008,REF174,47,1.5667,1239,1,0
C01484,S01484,2020-09-26,,103,102.91,0,0.0,REF881,32,1.0667,1213,1,0
C01485,S01485,2021-07-03,,85,84.77,5,0.0054,,29,0.9667,923,0,0
C01486,S01486,2020-07-20,,112,111.66,0,0.0,,44,1.4667,517,0,0
C01487,S01487,2023-11-10,2028-05-10,90,89.61,1,0.0006,,21,0.7,1643,0,1
C01488,S01488,2020-04-09,2023-01-06,40,40.32,0,0.0,,37,1.2333,1002,0,1
C01489,S01489,2022-01-30,,67,67.42,0,0.0,,21,0.7,1001,0,0
C01490,S01490,2020-08-20,,47,47.42,1,0.0011,,31,1.0333,874,0,0
C01491,S01491,2021-09-02,2025-06-15,103,103.29,3,0.0022,,23,0.7667,1382,0,1
C01492,S01492,2022-06-01,2024-01-07,44,43.98,1,0.0017,,17,0.5667,585,0,1
C01493,S01493,2022-11-13,2027-06-30,63,63.01,2,0.0012,,37,1.2333,1690,0,1
C01494,S01494,2022-05-04,2022-10-19,82,81.89,2,0.0119,,14,0.4667,168,0,1
C01495,S01495,2021-10-03,,98,97.83,1,0.0123,,27,0.9,81,0,0
C01496,S01496,2021-02-25,2023-09-30,86,85.61,0,0.0,REF470,41,1.3667,947,1,1
C01497,S01497,2023-04-19,,116,116.5,1,0.0006,,19,0.6333,1555,0,0
C01498,S01498,2022-10-16,2022-12-31,87,86.88,1,0.0132,REF538,34,1.1333,76,1,1
C01499,S01499,2022-10-04,,88,88.23,5,0.004,,36,1.2,1241,0,0
C01500,S01500,2023-02-28,2025-03-07,120,120.34,2,0.0027,REF727,35,1.1667,738,1,1
C01501,S01501,2020-11-26,2021-03-03,87,86.9,0,0.0,,16,0.5333,97,0,1
C01502,S01502,2024-01-10,2025-12-14,81,80.97,3,0.0043,REF659,38,1.2667,704,1,1
C01503,S01503,2023-10-11,2027-01-08,81,80.92,0,0.0,,25,0.8333,1185,0,1
C01504,S01504,2021-10-21,2024-12-26,111,111.41,0,0.0,,28,0.9333,1162,0,1
C01505,S01505,2020-11-01,,72,71.99,2,0.0013,,38,1.2667,1536,0,0
C01506,S01506,2021-07-15,,61,61.15,0,0.0,,33,1.1,1778,0,0
C01507,S01507,2021-08-06,,67,66.82,2,0.013,,42,1.4,154,0,0
C01508,S01508,2023-12-30,2028-03-30,94,94.33,3,0.0019,REF891,40,1.3333,1552,1,1
C01509,S01509,2021-03-09,,86,85.53,3,0.0395,,34,1.1333,76,0,0
C01510,S01510,2023-11-14,,64,63.65,2,0.0011,,33,1.1,1756,0,0
C01511,S01511,2020-12-12,,79,78.56,2,0.0014,,22,0.7333,1406,0,0
C01512,S01512,2023-10-22,,82,82.06,2,0.0012,REF847,40,1.3333,1714,1,0
C01513,S01513,2023-10-27,2024-04-21,74,74.13,3,0.0169,REF299,36,1.2,177,1,1
C01514,S01514,2022-07-02,2023-01-06,85,84.9,0,0.0,,44,1.4667,188,0,1
C01515,S01515,2020-06-10,2025-04-19,84,84.4,0,0.0,,53,1.7667,1774,0,1
C01516,S01516,2022-07-15,,80,79.9,0,0.0,REF346,29,0.9667,550,1,0
C01517,S01517,2023-09-29,,68,68.37,2,0.0028,REF888,27,0.9,723,1,0
C01518,S01518,2023-10-23,2025-05-21,101,101.18,2,0.0035,REF828,22,0.7333,576,1,1
C01519,S01519,2021-11-17,2022-10-15,117,117.12,4,0.012,,17,0.5667,332,0,1
C01520,S01520,2021-12-20,2022-06-21,76,75.95,2,0.0109,,47,1.5667,183,0,1
C01521,S01521,2021-07-30,,59,58.74,2,0.0068,REF979,31,1.0333,295,1,0
C01522,S01522,2020-11-16,,96,95.66,2,0.0013,,55,1.8333,1533,0,0
C01523,S01523,2022-09-07,2022-12-22,99,98.66,1,0.0094,,19,0.6333,106,0,1
C01524,S01524,2024-01-17,2028-06-21,96,96.48,0,0.0,,22,0.7333,1617,0,1
C01525,S01525,2021-02-04,2022-04-22,79,79.48,1,0.0023,,37,1.2333,442,0,1
C01526,S01526,2023-06-17,2026-07-03,83,83.49,1,0.0009,,13,0.4333,1112,0,1
C01527,S01527,2020-05-23,2021-10-12,85,85.37,2,0.0039,,21,0.7,507,0,1
C01528,S01528,2020-03-25,2024-08-21,79,79.19,0,0.0,,29,0.9667,1610,0,1
C01529,S01529,2023-09-13,,85,84.82,1,0.0077,,40,1.3333,130,0,0
C01530,S01530,2020-06-17,2024-01-11,67,67.07,5,0.0038,REF923,25,0.8333,1303,1,1
C01531,S01531,2021-09-12,2026-04-25,74,74.3,3,0.0018,REF662,31,1.0333,1686,1,1
C01532,S01532,2023-08-16,,76,75.83,0,0.0,,35,1.1667,826,0,0
C01533,S01533,2021-06-07,2023-09-29,67,67.15,0,0.0,,41,1.3667,844,0,1
C01534,S01534,2021-03-27,,91,91.22,1,0.0031,,19,0.6333,320,0,0
C01535,S01535,2020-03-02,,26,26.03,1,0.0006,,26,0.8667,1588,0,0
C01536,S01536,2022-11-10,,78,78.12,1,0.0006,,27,0.9,1727,0,0
C01537,S01537,2021-04-25,,82,82.43,2,0.0022,,30,1.0,923,0,0
C01538,S01538,2020-06-25,,104,104.37,0,0.0,,21,0.7,1264,0,0
C01539,S01539,2021-12-13,2025-09-21,76,76.06,1,0.0007,REF965,13,0.4333,1378,1,1
C01540,S01540,2020-09-12,2022-07-20,86,86.44,2,0.003,REF762,16,0.5333,676,1,1
C01541,S01541,2023-06-27,,86,86.22,2,0.0303,,34,1.1333,66,0,0
C01542,S01542,2023-01-26,,46,45.84,0,0.0,,38,1.2667,283,0,0
C01543,S01543,2024-01-09,2028-06-16,87,87.46,0,0.0,,47,1.5667,1620,0,1
C01544,S01544,2024-01-08,,61,60.67,3,0.0021,REF897,20,0.6667,1450,1,0
C01545,S01545,2023-06-09,,89,89.44,0,0.0,,22,0.7333,225,0,0
C01546,S01546,2022-01-23,2026-01-17,131,131.44,4,0.0027,,9,0.3,1455,0,1
C01547,S01547,2020-09-12,,86,85.57,4,0.0025,,27,0.9,1596,0,0
C01548,S01548,2020-03-05,2022-12-04,108,107.54,1,0.001,,50,1.6667,1004,0,1
C01549,S01549,2020-05-17,,91,90.96,1,0.0012,,20,0.6667,845,0,0
C01550,S01550,2020-12-17,2025-11-20,88,87.59,4,0.0022,,31,1.0333,1799,0,1
C01551,S01551,2023-08-17,,35,35.07,1,0.0006,,53,1.7667,1577,0,0
C01552,S01552,2020-11-15,2022-11-17,91,90.62,1,0.0014,,20,0.6667,732,0,1
C01553,S01553,2020-05-19,,94,93.98,1,0.0011,,36,1.2,889,0,0
C01554,S01554,2023-11-03,2028-06-28,119,119.08,3,0.0018,REF534,52,1.7333,1699,1,1
C01555,S01555,2021-10-15,,102,102.08,1,0.0006,,23,0.7667,1663,0,0
C01556,S01556,2021-09-20,,99,99.08,1,0.0009,,41,1.3667,1156,0,0
C01557,S01557,2021-03-28,2024-06-28,87,86.87,1,0.0008,,16,0.5333,1188,0,1
C01558,S01558,2023-11-22,2027-07-25,83,82.69,2,0.0015,,26,0.8667,1341,0,1
C01559,S01559,2021-06-06,2022-12-20,66,66.19,2,0.0036,,23,0.7667,562,0,1
C01560,S01560,2023-07-13,2028-01-23,68,67.85,5,0.003,,36,1.2,1655,0,1
C01561,S01561,2024-01-28,2025-08-21,82,82.4,4,0.007,,29,0.9667,571,0,1
C01562,S01562,2021-11-07,2025-12-22,100,99.56,5,0.0033,REF967,28,0.9333,1506,1,1
C01563,S01563,2022-11-16,2026-12-12,86,85.74,1,0.0007,,30,1.0,1487,0,1
C01564,S01564,2020-02-07,,79,78.79,4,0.0071,,23,0.7667,562,0,0
C01565,S01565,2023-03-18,2027-03-22,80,79.61,0,0.0,,35,1.1667,1465,0,1
C01566,S01566,2023-12-30,2028-04-15,93,93.15,0,0.0,,33,1.1,1568,0,1
C01567,S01567,2020-10-19,2023-05-01,92,92.11,5,0.0054,,32,1.0667,924,0,1
C01568,S01568,2020-01-16,2022-10-11,66,65.69,1,0.001,,31,1.0333,999,0,1
C01569,S01569,2020-03-06,,96,96.38,2,0.0021,REF167,36,1.2,946,1,0
C01570,S01570,2023-07-08,2023-11-23,86,86.34,2,0.0145,,22,0.7333,138,0,1
C01571,S01571,2020-12-31,2023-09-27,85,85.43,1,0.001,,15,0.5,1000,0,1
C01572,S01572,2021-09-11,2025-01-25,80,79.51,3,0.0024,REF915,26,0.8667,1232,1,1
C01573,S01573,2021-05-19,,105,104.74,1,0.001,REF962,26,0.8667,1036,1,0
C01574,S01574,2021-03-27,,72,71.92,1,0.0011,,22,0.7333,929,0,0
C01575,S01575,2020-09-05,2023-03-26,83,82.51,4,0.0043,,23,0.7667,932,0,1
C01576,S01576,2021-09-04,2024-05-24,90,90.21,4,0.004,,29,0.9667,993,0,1
C01577,S01577,2023-10-18,,78,78.28,0,0.0,,30,1.0,1676,0,0
C01578,S01578,2021-06-19,,93,92.57,3,0.0039,,25,0.8333,776,0,0
C01579,S01579,2023-04-17,,67,66.53,1,0.0022,,21,0.7,450,0,0
C01580,S01580,2022-10-30,2023-04-19,92,91.56,4,0.0234,,23,0.7667,171,0,1
C01581,S01581,2023-04-10,,59,59.41,1,0.0006,,29,0.9667,1575,0,0
C01582,S01582,2022-05-09,2023-05-17,88,88.34,2,0.0054,,29,0.9667,373,0,1
C01583,S01583,2021-07-11,2023-09-04,125,124.75,0,0.0,,29,0.9667,785,0,1
C01584,S01584,2021-01-20,2024-10-27,85,85.49,2,0.0015,,36,1.2,1376,0,1
C01585,S01585,2021-02-24,2022-03-01,92,92.12,0,0.0,,49,1.6333,370,0,1
C01586,S01586,2022-03-02,,104,104.18,3,0.0064,REF809,39,1.3,467,1,0
C01587,S01587,2021-08-29,2024-11-06,120,119.73,0,0.0,REF949,28,0.9333,1165,1,1
C01588,S01588,2021-08-30,2024-10-25,83,82.81,1,0.0009,,33,1.1,1152,0,1
C01589,S01589,2021-07-07,2022-11-02,94,93.7,3,0.0062,,26,0.8667,483,0,1
C01590,S01590,2023-10-12,2026-07-10,100,99.55,0,0.0,REF478,23,0.7667,1002,1,1
C01591,S01591,2022-08-22,,78,77.66,1,0.0008,REF390,41,1.3667,1285,1,0
C01592,S01592,2023-08-31,2024-11-18,99,99.21,0,0.0,REF220,33,1.1,445,1,1
C01593,S01593,2023-10-24,2026-02-01,62,61.81,3,0.0036,,46,1.5333,831,0,1
C01594,S01594,2022-07-15,2024-01-14,87,86.84,3,0.0055,,19,0.6333,548,0,1
C01595,S01595,2020-05-17,,76,76.3,2,0.0012,REF275,21,0.7,1695,1,0
C01596,S01596,2023-12-19,,74,74.1,1,0.0014,,50,1.6667,727,0,0
C01597,S01597,2021-12-18,2026-03-16,118,118.34,0,0.0,,51,1.7,1549,0,1
C01598,S01598,2021-07-16,2025-11-23,80,80.22,1,0.0006,REF879,43,1.4333,1591,1,1
C01599,S01599,2021-09-12,2022-08-29,91,90.78,1,0.0028,,45,1.5,351,0,1
C01600,S01600,2020-05-11,2025-01-02,67,66.61,3,0.0018,,32,1.0667,1697,0,1
C01601,S01601,2022-09-23,,93,92.81,1,0.0069,REF158,23,0.7667,145,1,0
C01602,S01602,2020-03-12,2022-03-14,81,80.66,0,0.0,,23,0.7667,732,0,1
C01603,S01603,2022-12-17,,88,88.1,1,0.003,,35,1.1667,336,0,0
C01604,S01604,2023-06-04,2023-10-22,106,105.96,5,0.0357,,19,0.6333,140,0,1
C01605,S01605,2021-09-25,2024-07-11,81,80.81,1,0.001,,54,1.8,1020,0,1
C01606,S01606,2021-07-29,,96,96.32,2,0.0018,,20,0.6667,1105,0,0
C01607,S01607,2022-10-06,2025-09-12,66,66.42,3,0.0028,,22,0.7333,1072,0,1
C01608,S01608,2023-07-14,,87,87.34,1,0.0013,,39,1.3,786,0,0
C01609,S01609,2020-05-23,,29,29.16,0,0.0,,9,0.3,1429,0,0
C01610,S01610,2021-11-19,,69,69.11,3,0.0033,,26,0.8667,916,0,0
C01611,S01611,2021-04-29,2024-01-14,61,60.72,2,0.002,REF279,24,0.8,990,1,1
C01612,S01612,2020-01-17,2022-04-24,81,81.0,2,0.0024,,22,0.7333,828,0,1
C01613,S01613,2020-01-13,2021-03-08,72,71.8,1,0.0024,REF547,19,0.6333,420,1,1
C01614,S01614,2022-03-03,,99,98.93,2,0.0017,,39,1.3,1198,0,0
C01615,S01615,2023-02-19,2027-04-01,62,62.29,5,0.0033,,29,0.9667,1502,0,1
C01616,S01616,2022-06-10,2024-01-20,111,110.51,1,0.0017,,31,1.0333,589,0,1
C01617,S01617,2021-01-08,2023-05-24,88,88.46,0,0.0,REF423,29,0.9667,866,1,1
C01618,S01618,2021-11-08,,46,46.31,1,0.0006,,5,0.1667,1613,0,0
C01619,S01619,2023-12-19,2025-02-10,78,77.63,2,0.0048,,21,0.7,419,0,1
C01620,S01620,2023-06-11,,80,79.99,5,0.0063,,41,1.3667,792,0,0
C01621,S01621,2020-06-28,2021-12-08,73,73.48,3,0.0057,,28,0.9333,528,0,1
C01622,S01622,2022-08-24,2024-06-08,94,94.19,1,0.0015,,22,0.7333,654,0,1
C01623,S01623,2022-07-26,2024-12-01,75,75.42,4,0.0047,,15,0.5,859,0,1
C01624,S01624,2021-07-01,2026-01-21,74,74.22,2,0.0012,,28,0.9333,1665,0,1
C01625,S01625,2021-06-30,2021-09-19,68,67.8,2,0.0247,REF931,31,1.0333,81,1,1
C01626,S01626,2022-12-14,2024-10-27,86,85.7,2,0.0029,REF126,21,0.7,683,1,1
C01627,S01627,2023-11-03,2028-02-16,90,89.98,0,0.0,REF136,43,1.4333,1566,1,1
C01628,S01628,2021-04-24,2021-11-14,87,87.21,0,0.0,,22,0.7333,204,0,1
C01629,S01629,2023-10-22,2026-05-20,64,64.4,2,0.0021,,35,1.1667,941,0,1
C01630,S01630,2023-06-11,2024-05-06,68,67.78,5,0.0152,,22,0.7333,330,0,1
C01631,S01631,2020-03-19,,89,88.85,1,0.001,REF344,24,0.8,1033,1,0
C01632,S01632,2021-02-24,2024-09-18,51,51.23,5,0.0038,,38,1.2667,1302,0,1
C01633,S01633,2021-10-23,2024-12-31,92,92.42,1,0.0009,,26,0.8667,1165,0,1
C01634,S01634,2022-09-26,2025-07-30,111,111.15,2,0.0019,,20,0.6667,1038,0,1
C01635,S01635,2020-12-05,2024-08-18,43,43.03,3,0.0022,,38,1.2667,1352,0,1
C01636,S01636,2021-09-14,2024-05-31,100,99.95,1,0.001,,10,0.3333,990,0,1
C01637,S01637,2020-05-18,,84,83.87,5,0.0044,,37,1.2333,1126,0,0
C01638,S01638,2020-05-31,2020-12-19,90,89.61,2,0.0099,,30,1.0,202,0,1
C01639,S01639,2021-10-14,2022-01-19,82,82.14,1,0.0103,,47,1.5667,97,0,1
C01640,S01640,2022-08-02,,91,90.83,1,0.0029,,42,1.4,345,0,0
C01641,S01641,2021-11-09,2024-08-04,87,87.06,3,0.003,,22,0.7333,999,0,1
C01642,S01642,2021-07-28,2023-08-16,94,94.34,0,0.0,REF649,11,0.3667,749,1,1
C01643,S01643,2022-01-16,,90,90.23,1,0.0014,REF419,33,1.1,696,1,0
C01644,S01644,2022-08-09,2024-11-25,92,92.08,3,0.0036,,20,0.6667,839,0,1
C01645,S01645,2022-12-07,2027-10-23,65,65.34,2,0.0011,REF851,28,0.9333,1781,1,1
C01646,S01646,2022-03-20,2024-03-04,103,103.16,1,0.0014,,27,0.9,715,0,1
C01647,S01647,2020-05-17,2022-08-27,76,76.49,2,0.0024,,19,0.6333,832,0,1
C01648,S01648,2020-03-03,2022-09-23,101,100.55,2,0.0021,,25,0.8333,934,0,1
C01649,S01649,2021-05-29,2025-04-05,116,116.14,1,0.0007,,22,0.7333,1407,0,1
C01650,S01650,2020-11-03,,112,111.8,1,0.0007,,38,1.2667,1336,0,0
C01651,S01651,2022-03-16,2027-01-13,88,87.61,0,0.0,,14,0.4667,1764,0,1
C01652,S01652,2022-11-16,,113,113.25,3,0.0026,REF186,32,1.0667,1166,1,0
C01653,S01653,2021-01-13,2025-09-28,106,106.43,5,0.0029,,30,1.0,1719,0,1
C01654,S01654,2021-12-02,2024-12-29,90,89.86,5,0.0045,,14,0.4667,1123,0,1
C01655,S01655,2020-11-23,2023-08-16,90,90.15,3,0.003,REF441,19,0.6333,996,1,1
C01656,S01656,2021-11-30,2024-09-25,68,67.92,2,0.0019,REF683,27,0.9,1030,1,1
C01657,S01657,2021-07-21,,120,120.22,0,0.0,,15,0.5,895,0,0
C01658,S01658,2020-01-04,2021-02-16,86,85.84,0,0.0,,25,0.8333,409,0,1
C01659,S01659,2022-09-24,2024-08-21,79,78.71,1,0.0014,,37,1.2333,697,0,1
C01660,S01660,2021-03-30,,127,127.05,1,0.0009,,14,0.4667,1112,0,0
C01661,S01661,2023-01-26,2026-02-13,100,100.15,3,0.0027,,36,1.2,1114,0,1
C01662,S01662,2022-10-01,2023-09-01,66,65.93,2,0.006,,37,1.2333,335,0,1
C01663,S01663,2020-10-19,,90,89.54,1,0.0007,REF650,46,1.5333,1458,1,0
C01664,S01664,2023-08-23,,25,25.17,0,0.0,,22,0.7333,1300,0,0
C01665,S01665,2020-02-03,2022-10-03,89,88.64,3,0.0031,REF565,34,1.1333,973,1,1
C01666,S01666,2022-05-11,,81,80.84,2,0.0024,,40,1.3333,846,0,0
C01667,S01667,2023-04-18,2026-02-11,60,60.2,2,0.0019,REF498,10,0.3333,1030,1,1
C01668,S01668,2022-03-21,,46,45.56,1,0.0009,,23,0.7667,1071,0,0
C01669,S01669,2022-04-16,,55,54.74,1,0.0012,,35,1.1667,804,0,0
C01670,S01670,2021-12-06,2026-03-16,87,87.45,2,0.0013,REF184,25,0.8333,1561,1,1
C01671,S01671,2020-03-31,2021-03-01,99,98.63,2,0.006,,25,0.8333,335,0,1
C01672,S01672,2022-10-14,,94,93.73,1,0.0014,,18,0.6,709,0,0
C01673,S01673,2023-11-30,2025-12-20,55,54.87,2,0.0027,REF158,16,0.5333,751,1,1
C01674,S01674,2023-04-12,2023-12-01,89,89.48,2,0.0086,REF149,24,0.8,233,1,1
C01675,S01675,2020-03-29,2020-10-29,79,79.07,0,0.0,,24,0.8,214,0,1
C01676,S01676,2020-11-27,2025-04-26,133,132.69,0,0.0,,37,1.2333,1611,0,1
C01677,S01677,2023-06-03,2027-04-10,80,79.88,3,0.0021,,10,0.3333,1407,0,1
C01678,S01678,2022-12-06,2024-10-31,125,124.55,4,0.0058,,34,1.1333,695,0,1
C01679,S01679,2021-07-03,2022-12-08,97,97.28,1,0.0019,,11,0.3667,523,0,1
C01680,S01680,2020-12-31,2023-02-06,133,132.94,0,0.0,,34,1.1333,767,0,1
C01681,S01681,2021-11-24,,70,69.89,1,0.0008,,26,0.8667,1286,0,0
C01682,S01682,2020-02-17,2021-09-14,108,108.39,3,0.0052,REF553,28,0.9333,575,1,1
C01683,S01683,2020-05-14,,44,44.48,1,0.0057,,30,1.0,175,0,0
C01684,S01684,2020-04-22,2022-06-22,92,91.57,1,0.0013,,21,0.7,791,0,1
C01685,S01685,2023-05-22,2026-05-27,82,82.39,0,0.0,REF895,17,0.5667,1101,1,1
C01686,S01686,2020-03-10,2022-11-01,95,94.61,1,0.001,,18,0.6,966,0,1
C01687,S01687,2022-04-08,2023-04-02,44,43.71,0,0.0,,19,0.6333,359,0,1
C01688,S01688,2021-02-24,2025-05-01,80,79.99,2,0.0013,REF180,30,1.0,1527,1,1
C01689,S01689,2023-02-08,2026-04-11,113,112.53,2,0.0017,REF158,33,1.1,1158,1,1
C01690,S01690,2020-07-09,,104,103.76,3,0.0023,,18,0.6,1313,0,0
C01691,S01691,2023-09-27,2028-06-18,71,70.76,2,0.0012,,21,0.7,1726,0,1
C01692,S01692,2020-05-07,2022-12-16,74,73.63,2,0.0021,,37,1.2333,953,0,1
C01693,S01693,2023-06-23,2026-05-25,89,89.45,3,0.0028,,27,0.9,1067,0,1
C01694,S01694,2020-08-09,,129,129.3,0,0.0,,26,0.8667,1389,0,0
C01695,S01695,2020-02-14,2023-12-21,71,70.58,1,0.0007,,37,1.2333,1406,0,1
C01696,S01696,2020-02-27,2024-05-11,133,133.06,1,0.0007,,27,0.9,1535,0,1
C01697,S01697,2023-03-17,2026-09-22,86,85.9,3,0.0023,,16,0.5333,1285,0,1
C01698,S01698,2021-05-30,2021-11-07,55,54.66,1,0.0062,REF715,18,0.6,161,1,1
C01699,S01699,2021-09-17,2023-07-18,84,83.53,4,0.006,,30,1.0,669,0,1
C01700,S01700,2023-05-19,2026-05-13,103,102.82,5,0.0046,,28,0.9333,1090,0,1
C01701,S01701,2021-01-27,2023-05-11,97,97.07,0,0.0,REF549,28,0.9333,834,1,1
C01702,S01702,2022-04-10,2022-08-23,119,118.72,2,0.0148,,14,0.4667,135,0,1
C01703,S01703,2021-03-23,,49,49.33,3,0.0057,,37,1.2333,525,0,0
C01704,S01704,2020-04-07,2021-11-24,106,105.9,4,0.0067,REF378,20,0.6667,596,1,1
C01705,S01705,2024-01-30,2024-05-31,95,95.11,0,0.0,REF116,28,0.9333,122,1,1
C01706,S01706,2021-07-16,2025-05-02,102,101.71,1,0.0007,REF821,37,1.2333,1386,1,1
C01707,S01707,2023-06-24,,75,75.38,3,0.0042,,27,0.9,717,0,0
C01708,S01708,2021-10-06,,54,53.7,1,0.0007,,24,0.8,1436,0,0
C01709,S01709,2023-07-24,2027-11-14,93,93.29,3,0.0019,,23,0.7667,1574,0,1
C01710,S01710,2020-09-15,2025-01-29,91,90.84,7,0.0044,,37,1.2333,1597,0,1
C01711,S01711,2022-03-21,,72,72.04,4,0.0024,REF692,43,1.4333,1640,1,0
C01712,S01712,2021-07-13,2024-01-25,119,118.8,1,0.0011,,33,1.1,926,0,1
C01713,S01713,2024-01-28,,67,66.78,0,0.0,,36,1.2,482,0,0
C01714,S01714,2021-05-20,,39,39.01,2,0.0097,,25,0.8333,206,0,0
C01715,S01715,2023-03-03,2026-04-21,111,111.27,2,0.0017,,47,1.5667,1145,0,1
C01716,S01716,2022-01-10,2022-10-17,57,57.4,4,0.0143,,34,1.1333,280,0,1
C01717,S01717,2021-08-24,2022-12-16,98,97.93,2,0.0042,,8,0.2667,479,0,1
C01718,S01718,2022-11-11,,76,76.21,3,0.0062,REF627,40,1.3333,485,1,0
C01719,S01719,2022-08-25,2024-02-11,71,71.36,2,0.0037,,43,1.4333,535,0,1
C01720,S01720,2021-12-19,2023-11-26,63,62.67,1,0.0014,REF310,37,1.2333,707,1,1
C01721,S01721,2020-03-23,2021-12-19,81,81.39,1,0.0016,REF940,42,1.4,636,1,1
C01722,S01722,2020-04-20,2022-12-22,61,60.89,1,0.001,,30,1.0,976,0,1
C01723,S01723,2022-06-16,2027-03-07,77,76.94,2,0.0012,,45,1.5,1725,0,1
C01724,S01724,2020-03-23,,112,112.07,1,0.0008,REF156,25,0.8333,1183,1,0
C01725,S01725,2022-06-27,,69,69.06,3,0.0024,REF763,45,1.5,1236,1,0
C01726,S01726,2023-08-24,,82,82.45,0,0.0,,30,1.0,342,0,0
C01727,S01727,2023-03-29,,100,100.37,1,0.0039,,45,1.5,258,0,0
C01728,S01728,2022-11-08,2023-12-01,52,52.26,3,0.0077,,16,0.5333,388,0,1
C01729,S01729,2021-02-14,,82,82.07,1,0.0007,,47,1.5667,1536,0,0
C01730,S01730,2022-09-12,2023-09-08,58,58.28,2,0.0055,,10,0.3333,361,0,1
C01731,S01731,2020-10-02,,95,95.05,1,0.0006,,47,1.5667,1771,0,0
C01732,S01732,2023-10-01,2027-07-05,110,109.69,1,0.0007,,43,1.4333,1373,0,1
C01733,S01733,2020-05-15,,55,54.89,4,0.0027,,34,1.1333,1502,0,0
C01734,S01734,2022-03-23,,101,101.23,0,0.0,,22,0.7333,585,0,0
C01735,S01735,2021-12-30,2022-11-26,132,131.92,2,0.006,,9,0.3,331,0,1
C01736,S01736,2020-04-20,,69,68.59,2,0.0057,REF754,47,1.5667,350,1,0
C01737,S01737,2020-10-06,2025-01-05,82,82.38,1,0.0006,,33,1.1,1552,0,1
C01738,S01738,2022-12-07,2025-02-24,89,88.81,3,0.0037,REF751,31,1.0333,810,1,1
C01739,S01739,2022-06-12,,117,116.55,0,0.0,REF641,37,1.2333,771,1,0
C01740,S01740,2020-08-31,2022-01-03,97,96.94,3,0.0061,,18,0.6,490,0,1
C01741,S01741,2020-07-29,,116,115.81,1,0.0015,,27,0.9,679,0,0
C01742,S01742,2022-09-26,,99,99.47,1,0.0014,,34,1.1333,702,0,0
C01743,S01743,2022-09-18,,62,62.04,4,0.0029,,39,1.3,1363,0,0
C01744,S01744,2021-08-24,,63,63.16,2,0.0013,REF373,40,1.3333,1493,1,0
C01745,S01745,2020-01-31,,78,77.99,1,0.0011,,11,0.3667,872,0,0
C01746,S01746,2020-02-12,,44,44.34,2,0.0031,,26,0.8667,640,0,0
C01747,S01747,2020-08-14,2022-12-07,78,78.4,1,0.0012,REF509,26,0.8667,845,1,1
C01748,S01748,2020-03-24,,65,65.26,0,0.0,REF497,57,1.9,364,1,0
C01749,S01749,2022-04-14,,72,71.84,0,0.0,,24,0.8,179,0,0
C01750,S01750,2021-08-11,2022-11-18,131,130.57,3,0.0065,,14,0.4667,464,0,1
C01751,S01751,2020-11-22,2021-03-04,51,51.38,3,0.0294,REF878,37,1.2333,102,1,1
C01752,S01752,2022-06-10,2022-10-07,46,46.24,2,0.0168,,28,0.9333,119,0,1
C01753,S01753,2022-11-22,2024-03-10,89,89.38,2,0.0042,REF770,27,0.9,474,1,1
C01754,S01754,2020-09-13,2025-02-26,113,112.7,1,0.0006,REF528,26,0.8667,1627,1,1
C01755,S01755,2022-07-26,2023-08-12,83,82.99,2,0.0052,,30,1.0,382,0,1
C01756,S01756,2020-06-09,2023-12-03,134,134.49,2,0.0016,,18,0.6,1272,0,1
C01757,S01757,2022-06-18,2023-04-30,88,87.86,1,0.0032,REF749,40,1.3333,316,1,1
C01758,S01758,2021-07-18,,101,100.88,0,0.0,,34,1.1333,866,0,0
C01759,S01759,2020-06-13,,105,105.03,0,0.0,,56,1.8667,1116,0,0
C01760,S01760,2023-04-21,2026-02-19,108,108.09,2,0.0019,,16,0.5333,1035,0,1
C01761,S01761,2020-09-30,2024-09-20,72,71.67,2,0.0014,,25,0.8333,1451,0,1
C01762,S01762,2023-03-22,,110,110.49,0,0.0,,22,0.7333,502,0,0
C01763,S01763,2021-07-01,2025-03-14,86,85.98,0,0.0,,42,1.4,1352,0,1
C01764,S01764,2022-10-23,,67,67.33,1,0.0013,,21,0.7,762,0,0
C01765,S01765,2022-11-26,2025-03-09,118,117.99,1,0.0012,,30,1.0,834,0,1
C01766,S01766,2021-09-30,2023-06-08,108,108.36,0,0.0,,21,0.7,616,0,1
C01767,S01767,2022-09-27,2027-08-26,97,97.49,4,0.0022,,22,0.7333,1794,0,1
C01768,S01768,2021-10-24,2025-11-26,93,93.0,1,0.0007,REF971,21,0.7,1494,1,1
C01769,S01769,2022-06-28,2024-11-09,42,41.5,2,0.0023,,46,1.5333,865,0,1
C01770,S01770,2020-12-04,2024-08-18,80,80.35,1,0.0007,REF722,38,1.2667,1353,1,1
C01771,S01771,2021-09-29,2026-04-09,93,92.65,1,0.0006,,24,0.8,1653,0,1
C01772,S01772,2020-07-24,2022-01-28,67,66.57,1,0.0018,,45,1.5,553,0,1
C01773,S01773,2021-09-15,2023-06-04,80,79.83,1,0.0016,,20,0.6667,627,0,1
C01774,S01774,2020-01-24,2023-11-10,79,79.14,4,0.0029,REF420,35,1.1667,1386,1,1
C01775,S01775,2021-09-06,2023-03-13,69,68.54,1,0.0018,,33,1.1,553,0,1
C01776,S01776,2023-07-14,2024-02-22,85,84.76,2,0.009,REF107,40,1.3333,223,1,1
C01777,S01777,2021-06-26,2024-06-25,113,112.95,1,0.0009,,40,1.3333,1095,0,1
C01778,S01778,2022-01-14,,66,66.32,4,0.0097,REF889,27,0.9,412,1,0
C01779,S01779,2023-07-08,,71,70.8,1,0.0009,REF115,34,1.1333,1080,1,0
C01780,S01780,2020-01-05,2020-09-06,76,75.67,4,0.0163,REF557,51,1.7,245,1,1
C01781,S01781,2022-10-02,,67,66.71,1,0.0011,,11,0.3667,892,0,0
C01782,S01782,2022-03-04,,94,93.72,0,0.0,,57,1.9,474,0,0
C01783,S01783,2021-05-29,2024-02-02,109,108.82,3,0.0031,,34,1.1333,979,0,1
C01784,S01784,2021-01-22,2022-04-20,108,107.53,0,0.0,,24,0.8,453,0,1
C01785,S01785,2022-06-08,2023-10-18,91,91.31,3,0.006,REF160,25,0.8333,497,1,1
C01786,S01786,2021-10-03,,58,57.74,3,0.0018,,33,1.1,1626,0,0
C01787,S01787,2021-08-15,2026-06-18,104,103.91,4,0.0023,,44,1.4667,1768,0,1
C01788,S01788,2022-10-05,,125,125.41,0,0.0,,26,0.8667,629,0,0
C01789,S01789,2021-08-22,2024-11-17,54,54.0,4,0.0034,,21,0.7,1183,0,1
C01790,S01790,2023-04-29,,49,49.19,1,0.0015,,30,1.0,678,0,0
C01791,S01791,2021-03-03,,102,102.25,2,0.0056,REF890,36,1.2,356,1,0
C01792,S01792,2022-11-16,,81,81.29,1,0.0043,,42,1.4,233,0,0
C01793,S01793,2022-04-24,2026-09-19,102,101.77,2,0.0012,,32,1.0667,1609,0,1
C01794,S01794,2023-09-06,2024-02-27,101,101.03,1,0.0057,,24,0.8,174,0,1
C01795,S01795,2021-08-23,2024-02-25,85,85.23,2,0.0022,,16,0.5333,916,0,1
C01796,S01796,2020-12-18,2022-03-04,83,82.89,2,0.0045,,34,1.1333,441,0,1
C01797,S01797,2021-08-20,2025-06-03,99,98.62,0,0.0,,34,1.1333,1383,0,1
C01798,S01798,2022-09-19,2023-07-10,106,106.16,1,0.0034,,35,1.1667,294,0,1
C01799,S01799,2021-10-06,,106,105.72,1,0.0009,,15,0.5,1063,0,0
C01800,S01800,2023-08-27,2025-06-16,92,92.38,2,0.003,,29,0.9667,659,0,1
C01801,S01801,2020-08-21,2023-04-14,87,87.16,2,0.0021,REF128,34,1.1333,966,1,1
C01802,S01802,2021-04-07,2022-04-25,86,86.12,1,0.0026,,14,0.4667,383,0,1
C01803,S01803,2024-01-14,,63,62.68,3,0.0114,,29,0.9667,263,0,0
C01804,S01804,2023-04-14,2024-04-18,81,81.01,3,0.0081,,16,0.5333,370,0,1
C01805,S01805,2020-04-25,2023-03-24,96,95.76,2,0.0019,,21,0.7,1063,0,1
C01806,S01806,2023-11-11,,84,84.5,2,0.0017,,16,0.5333,1186,0,0
C01807,S01807,2021-09-30,,92,92.43,1,0.0006,REF714,28,0.9333,1633,1,0
C01808,S01808,2022-08-23,,115,114.89,5,0.0029,,28,0.9333,1699,0,0
C01809,S01809,2020-01-26,2023-10-26,127,126.92,1,0.0007,,43,1.4333,1369,0,1
C01810,S01810,2020-09-03,2020-11-23,67,67.22,1,0.0123,REF794,36,1.2,81,1,1
C01811,S01811,2022-11-13,2026-05-20,86,86.22,1,0.0008,,39,1.3,1284,0,1
C01812,S01812,2021-01-26,2024-08-05,80,80.34,1,0.0008,,17,0.5667,1287,0,1
C01813,S01813,2020-06-25,2024-01-04,47,46.86,0,0.0,REF758,32,1.0667,1288,1,1
C01814,S01814,2022-10-16,2026-02-04,80,79.62,1,0.0008,,13,0.4333,1207,0,1
C01815,S01815,2020-11-21,2024-04-30,69,69.44,0,0.0,REF591,21,0.7,1256,1,1
C01816,S01816,2023-07-23,2026-07-04,86,86.18,6,0.0056,,22,0.7333,1077,0,1
C01817,S01817,2020-09-25,2023-11-06,87,86.8,3,0.0026,REF631,15,0.5,1137,1,1
C01818,S01818,2020-02-05,2023-07-23,89,88.87,5,0.004,REF553,26,0.8667,1264,1,1
C01819,S01819,2021-08-08,,97,97.4,2,0.0148,,30,1.0,135,0,0
C01820,S01820,2021-05-04,2023-12-05,100,100.17,3,0.0032,REF780,41,1.3667,945,1,1
C01821,S01821,2022-08-15,,73,73.47,0,0.0,,41,1.3667,282,0,0
C01822,S01822,2020-12-16,,33,33.22,3,0.0018,REF176,28,0.9333,1672,1,0
C01823,S01823,2024-01-11,2028-11-27,102,101.55,3,0.0017,,36,1.2,1782,0,1
C01824,S01824,2021-09-25,2022-08-26,116,115.66,0,0.0,,34,1.1333,335,0,1
C01825,S01825,2022-11-29,2027-04-28,63,63.42,1,0.0006,,40,1.3333,1611,0,1
C01826,S01826,2023-02-26,,99,99.04,1,0.0011,,29,0.9667,883,0,0
C01827,S01827,2023-08-19,,57,57.06,2,0.0016,,16,0.5333,1229,0,0
C01828,S01828,2022-01-24,,74,74.14,0,0.0,,18,0.6,1196,0,0
C01829,S01829,2020-12-07,,134,133.91,0,0.0,,29,0.9667,264,0,0
C01830,S01830,2022-02-16,,79,78.99,3,0.0018,REF900,36,1.2,1641,1,0
C01831,S01831,2021-09-30,2024-12-17,65,64.52,1,0.0009,REF796,35,1.1667,1174,1,1
C01832,S01832,2022-07-02,2024-12-26,96,96.36,2,0.0022,,30,1.0,908,0,1
C01833,S01833,2020-12-20,2024-01-23,100,99.99,2,0.0018,,11,0.3667,1129,0,1
C01834,S01834,2022-02-12,2026-12-07,79,79.27,1,0.0006,,26,0.8667,1759,0,1
C01835,S01835,2023-12-07,,73,73.01,0,0.0,REF970,35,1.1667,1186,1,0
C01836,S01836,2022-10-29,2026-02-12,97,96.51,2,0.0017,REF183,27,0.9,1202,1,1
C01837,S01837,2023-12-07,2028-04-09,75,75.24,1,0.0006,REF288,35,1.1667,1585,1,1
C01838,S01838,2020-06-09,,106,106.35,3,0.0024,REF299,50,1.6667,1276,1,0
C01839,S01839,2022-09-07,2023-07-12,56,55.82,5,0.0162,,32,1.0667,308,0,1
C01840,S01840,2020-02-04,,51,51.07,3,0.002,,7,0.2333,1483,0,0
C01841,S01841,2020-10-31,,56,55.92,2,0.0012,,22,0.7333,1625,0,0
C01842,S01842,2023-05-25,2027-01-21,83,82.6,1,0.0007,,31,1.0333,1337,0,1
C01843,S01843,2020-05-31,,120,120.26,2,0.0062,,31,1.0333,325,0,0
C01844,S01844,2021-12-19,,85,84.71,1,0.001,,30,1.0,969,0,0
C01845,S01845,2020-04-14,2020-09-15,127,126.92,3,0.0195,,39,1.3,154,0,1
C01846,S01846,2021-03-23,2025-01-25,58,58.32,3,0.0021,,23,0.7667,1404,0,1
C01847,S01847,2020-07-04,,65,64.68,3,0.0017,,34,1.1333,1725,0,0
C01848,S01848,2021-11-12,2022-03-14,100,100.44,4,0.0328,,40,1.3333,122,0,1
C01849,S01849,2022-08-22,2023-04-28,97,97.45,4,0.0161,,36,1.2,249,0,1
C01850,S01850,2022-09-02,,87,86.71,0,0.0,,38,1.2667,1683,0,0
C01851,S01851,2023-10-30,2027-10-20,86,85.74,3,0.0021,,14,0.4667,1451,0,1
C01852,S01852,2020-07-01,,72,72.4,0,0.0,,24,0.8,1492,0,0
C01853,S01853,2021-08-23,2022-10-19,126,126.03,3,0.0071,,19,0.6333,422,0,1
C01854,S01854,2022-02-24,2025-05-08,87,87.4,1,0.0009,,27,0.9,1169,0,1
C01855,S01855,2020-05-09,,86,86.5,0,0.0,,30,1.0,1502,0,0
C01856,S01856,2020-06-15,,101,100.84,0,0.0,,22,0.7333,179,0,0
C01857,S01857,2021-04-10,2022-10-15,108,108.19,1,0.0018,,52,1.7333,553,0,1
C01858,S01858,2023-07-13,2025-02-05,62,61.76,1,0.0017,REF470,23,0.7667,573,1,1
C01859,S01859,2022-05-29,2025-02-24,100,100.19,1,0.001,,30,1.0,1002,0,1
C01860,S01860,2022-04-23,,48,47.54,2,0.004,,27,0.9,501,0,0
C01861,S01861,2022-04-06,,114,113.65,1,0.0015,,36,1.2,654,0,0
C01862,S01862,2023-05-01,2024-09-19,59,58.56,5,0.0099,,27,0.9,507,0,1
C01863,S01863,2022-03-28,2022-09-14,93,93.33,2,0.0118,,41,1.3667,170,0,1
C01864,S01864,2022-12-17,2026-04-29,95,94.51,1,0.0008,,12,0.4,1229,0,1
C01865,S01865,2021-04-09,2024-06-23,106,106.16,4,0.0034,,43,1.4333,1171,0,1
C01866,S01866,2023-05-07,2027-09-07,111,110.74,2,0.0013,REF836,21,0.7,1584,1,1
C01867,S01867,2020-02-18,,83,82.73,4,0.0038,REF807,29,0.9667,1062,1,0
C01868,S01868,2021-05-27,2024-10-24,79,78.74,1,0.0008,REF722,28,0.9333,1246,1,1
C01869,S01869,2021-01-10,2022-11-26,121,121.01,2,0.0029,,39,1.3,685,0,1
C01870,S01870,2020-07-28,2022-08-03,63,62.56,0,0.0,,24,0.8,736,0,1
C01871,S01871,2022-03-16,2024-05-01,109,109.24,2,0.0026,,35,1.1667,777,0,1
C01872,S01872,2023-08-30,2028-06-10,83,82.68,3,0.0017,,11,0.3667,1746,0,1
C01873,S01873,2020-08-31,2023-01-30,86,85.99,3,0.0034,,27,0.9,882,0,1
C01874,S01874,2023-08-19,2027-11-26,103,102.77,3,0.0019,,15,0.5,1560,0,1
C01875,S01875,2023-07-09,2025-03-17,113,112.65,2,0.0032,REF456,35,1.1667,617,1,1
C01876,S01876,2023-08-17,2027-01-20,106,105.78,2,0.0016,,22,0.7333,1252,0,1
C01877,S01877,2020-01-10,,63,63.38,4,0.0075,REF183,21,0.7,536,1,0
C01878,S01878,2024-01-23,2026-02-12,97,96.76,1,0.0013,REF724,17,0.5667,751,1,1
C01879,S01879,2021-10-03,,116,115.54,0,0.0,,29,0.9667,1554,0,0
C01880,S01880,2022-06-13,2025-11-13,81,80.8,1,0.0008,,28,0.9333,1249,0,1
C01881,S01881,2021-04-02,2023-09-25,118,118.37,1,0.0011,,28,0.9333,906,0,1
C01882,S01882,2022-02-07,,108,107.9,1,0.0013,,40,1.3333,769,0,0
C01883,S01883,2022-04-05,2026-03-26,90,90.21,0,0.0,REF166,26,0.8667,1451,1,1
C01884,S01884,2023-04-10,,114,113.64,1,0.003,REF283,17,0.5667,330,1,0
C01885,S01885,2021-05-27,2025-08-10,106,105.7,5,0.0033,,25,0.8333,1536,0,1
C01886,S01886,2020-06-14,2023-07-25,95,95.2,0,0.0,,28,0.9333,1136,0,1
C01887,S01887,2022-05-29,2024-02-20,83,82.98,4,0.0063,REF465,49,1.6333,632,1,1
C01888,S01888,2023-03-20,2026-09-14,118,117.74,0,0.0,,45,1.5,1274,0,1
C01889,S01889,2020-01-24,,88,87.76,1,0.0006,,45,1.5,1784,0,0
C01890,S01890,2023-05-03,,80,80.44,4,0.006,,30,1.0,667,0,0
C01891,S01891,2023-04-20,2025-05-03,76,75.66,4,0.0054,,28,0.9333,744,0,1
C01892,S01892,2022-05-15,,89,88.78,0,0.0,,25,0.8333,1676,0,0
C01893,S01893,2023-11-23,2025-09-12,124,123.73,2,0.003,,31,1.0333,659,0,1
C01894,S01894,2021-08-04,,77,76.51,1,0.0006,,29,0.9667,1546,0,0
C01895,S01895,2020-07-19,,82,82.13,2,0.0012,,40,1.3333,1625,0,0
C01896,S01896,2022-09-11,2025-08-20,90,90.25,2,0.0019,,38,1.2667,1074,0,1
C01897,S01897,2022-07-03,2023-01-21,67,66.74,0,0.0,REF798,35,1.1667,202,1,1
C01898,S01898,2023-10-04,,88,88.13,0,0.0,,5,0.1667,164,0,0
C01899,S01899,2020-12-02,,88,88.38,0,0.0,REF642,22,0.7333,548,1,0
C01900,S01900,2020-08-24,2020-11-21,39,39.05,2,0.0225,,20,0.6667,89,0,1
C01901,S01901,2022-10-15,,126,126.16,0,0.0,,33,1.1,1387,0,0
C01902,S01902,2021-04-11,2024-06-27,95,95.2,2,0.0017,,28,0.9333,1173,0,1
C01903,S01903,2020-10-04,2023-02-02,72,72.04,1,0.0012,REF193,5,0.1667,851,1,1
C01904,S01904,2022-10-04,2026-10-19,84,83.63,0,0.0,,36,1.2,1476,0,1
C01905,S01905,2020-10-05,,98,98.02,2,0.0068,,32,1.0667,292,0,0
C01906,S01906,2023-06-03,,83,82.83,2,0.0022,REF321,17,0.5667,930,1,0
C01907,S01907,2021-04-11,,80,80.14,3,0.0046,,41,1.3667,648,0,0
C01908,S01908,2022-09-05,,78,77.51,2,0.02,REF863,54,1.8,100,1,0
C01909,S01909,2022-05-15,2024-10-23,102,102.5,5,0.0056,,20,0.6667,892,0,1
C01910,S01910,2022-06-05,2023-04-13,102,101.78,2,0.0064,,41,1.3667,312,0,1
C01911,S01911,2021-04-01,2021-08-18,88,87.58,0,0.0,,33,1.1,139,0,1
C01912,S01912,2020-05-08,2021-07-09,68,67.96,2,0.0047,REF626,18,0.6,427,1,1
C01913,S01913,2022-08-17,,91,90.7,3,0.0075,REF691,37,1.2333,398,1,0
C01914,S01914,2021-10-12,2024-12-07,52,51.61,0,0.0,,8,0.2667,1152,0,1
C01915,S01915,2024-01-05,2027-12-14,128,127.87,3,0.0021,REF423,21,0.7,1439,1,1
C01916,S01916,2023-08-28,,97,96.63,7,0.0077,REF832,18,0.6,905,1,0
C01917,S01917,2020-04-21,,45,45.17,0,0.0,,33,1.1,1175,0,0
C01918,S01918,2021-06-26,2022-02-18,80,79.82,1,0.0042,REF629,34,1.1333,237,1,1
C01919,S01919,2021-09-15,2025-08-13,73,73.35,1,0.0007,,40,1.3333,1428,0,1
C01920,S01920,2021-07-25,2024-02-12,97,96.63,5,0.0054,,41,1.3667,932,0,1
C01921,S01921,2022-12-21,2025-03-05,69,69.27,3,0.0037,REF172,24,0.8,805,1,1
C01922,S01922,2021-06-20,2025-10-09,90,89.53,1,0.0006,REF752,37,1.2333,1572,1,1
C01923,S01923,2020-08-17,2022-04-15,68,67.62,2,0.0033,,19,0.6333,606,0,1
C01924,S01924,2021-06-28,2023-09-30,83,82.89,3,0.0036,,32,1.0667,824,0,1
C01925,S01925,2023-03-26,2027-10-22,99,98.65,1,0.0006,,26,0.8667,1671,0,1
C01926,S01926,2021-08-30,2022-07-16,69,69.48,1,0.0031,,25,0.8333,320,0,1
C01927,S01927,2021-03-04,2023-10-28,100,99.83,1,0.001,,33,1.1,968,0,1
C01928,S01928,2023-03-06,,76,75.86,3,0.0028,,35,1.1667,1065,0,0
C01929,S01929,2020-04-08,2023-10-08,68,67.52,1,0.0008,,18,0.6,1278,0,1
C01930,S01930,2021-11-13,2026-06-17,76,75.83,1,0.0006,,43,1.4333,1677,0,1
C01931,S01931,2020-06-03,,93,93.11,3,0.0046,REF359,30,1.0,658,1,0
C01932,S01932,2022-06-29,2023-03-17,69,69.05,2,0.0077,REF858,14,0.4667,261,1,1
C01933,S01933,2023-09-11,2025-10-04,61,61.21,0,0.0,,29,0.9667,754,0,1
C01934,S01934,2021-10-25,2022-09-22,93,92.8,1,0.003,,16,0.5333,332,0,1
C01935,S01935,2024-01-12,2027-08-30,95,95.19,2,0.0015,REF673,38,1.2667,1326,1,1
C01936,S01936,2023-08-03,2026-06-14,95,95.05,1,0.001,,30,1.0,1046,0,1
C01937,S01937,2022-12-27,2026-10-04,108,107.6,1,0.0007,,4,0.1333,1377,0,1
C01938,S01938,2020-09-25,2022-07-08,89,88.79,0,0.0,,35,1.1667,651,0,1
C01939,S01939,2020-02-19,,63,63.22,0,0.0,REF276,34,1.1333,1720,1,0
C01940,S01940,2020-07-03,,71,71.06,3,0.0019,,12,0.4,1618,0,0
C01941,S01941,2021-06-06,,40,40.33,2,0.0012,REF126,31,1.0333,1653,1,0
C01942,S01942,2021-09-03,2025-03-26,118,117.61,1,0.0008,REF176,12,0.4,1300,1,1
C01943,S01943,2020-11-11,,63,63.43,0,0.0,REF321,33,1.1,385,1,0
C01944,S01944,2024-01-01,,80,80.27,2,0.0063,REF206,26,0.8667,315,1,0
C01945,S01945,2023-01-19,2027-10-10,112,112.02,1,0.0006,,10,0.3333,1725,0,1
C01946,S01946,2022-11-15,2027-03-09,121,120.62,3,0.0019,REF691,57,1.9,1575,1,1
C01947,S01947,2022-09-03,2027-01-12,92,92.11,1,0.0006,,10,0.3333,1592,0,1
C01948,S01948,2022-07-13,2025-10-02,96,96.17,0,0.0,REF248,16,0.5333,1177,1,1
C01949,S01949,2023-08-15,2027-11-12,70,70.42,4,0.0026,,35,1.1667,1550,0,1
C01950,S01950,2021-08-08,2024-02-12,103,103.34,0,0.0,,18,0.6,918,0,1
C01951,S01951,2020-07-29,2021-07-06,95,95.18,4,0.0117,,28,0.9333,342,0,1
C01952,S01952,2021-03-18,2022-08-06,40,39.59,4,0.0079,REF501,40,1.3333,506,1,1
C01953,S01953,2020-12-09,,83,82.88,3,0.0019,,50,1.6667,1541,0,0
C01954,S01954,2023-12-05,,71,71.06,1,0.0008,,34,1.1333,1190,0,0
C01955,S01955,2022-04-30,,55,54.9,1,0.0006,,11,0.3667,1795,0,0
C01956,S01956,2021-10-02,,98,97.61,2,0.0012,,35,1.1667,1623,0,0
C01957,S01957,2020-02-08,2023-11-20,76,75.86,3,0.0022,,42,1.4,1381,0,1
C01958,S01958,2022-12-02,2023-04-07,94,94.11,2,0.0159,,35,1.1667,126,0,1
C01959,S01959,2022-08-27,2023-09-13,115,114.75,0,0.0,,39,1.3,382,0,1
C01960,S01960,2023-04-30,2025-04-11,83,83.02,1,0.0014,REF391,27,0.9,712,1,1
C01961,S01961,2020-07-15,2020-11-14,141,141.04,3,0.0246,REF691,30,1.0,122,1,1
C01962,S01962,2022-09-13,2027-04-28,108,107.97,1,0.0006,,30,1.0,1688,0,1
C01963,S01963,2021-06-26,2022-09-25,95,95.28,3,0.0066,,26,0.8667,456,0,1
C01964,S01964,2020-12-14,2022-12-10,66,66.05,1,0.0014,,27,0.9,726,0,1
C01965,S01965,2020-12-01,,76,76.38,1,0.0008,,27,0.9,1233,0,0
C01966,S01966,2021-03-07,2021-07-07,92,91.59,2,0.0164,,18,0.6,122,0,1
C01967,S01967,2023-01-04,2026-03-16,87,86.61,1,0.0009,REF125,19,0.6333,1167,1,1
C01968,S01968,2020-02-04,2020-09-27,97,97.4,1,0.0042,,22,0.7333,236,0,1
C01969,S01969,2023-11-22,2028-05-09,73,72.85,3,0.0018,REF461,27,0.9,1630,1,1
C01970,S01970,2023-12-25,,63,63.31,1,0.0008,,24,0.8,1261,0,0
C01971,S01971,2023-12-22,2025-09-26,75,75.14,3,0.0047,REF848,39,1.3,644,1,1
C01972,S01972,2023-06-05,,107,107.07,2,0.0016,,24,0.8,1278,0,0
C01973,S01973,2021-04-30,,53,53.08,2,0.0033,REF321,29,0.9667,606,1,0
C01974,S01974,2021-08-29,,88,88.26,0,0.0,,36,1.2,260,0,0
C01975,S01975,2020-07-09,,65,64.93,1,0.0132,,26,0.8667,76,0,0
C01976,S01976,2023-08-31,2024-11-14,99,99.12,5,0.0113,,18,0.6,441,0,1
C01977,S01977,2023-03-01,2026-09-12,95,95.43,3,0.0023,,8,0.2667,1291,0,1
C01978,S01978,2020-08-18,2023-06-25,76,75.98,1,0.001,REF863,20,0.6667,1041,1,1
C01979,S01979,2024-01-25,2025-07-13,90,90.19,2,0.0037,REF254,24,0.8,535,1,1
C01980,S01980,2020-03-04,,79,79.12,1,0.0008,,26,0.8667,1254,0,0
C01981,S01981,2023-02-25,2025-03-01,101,101.31,1,0.0014,,30,1.0,735,0,1
C01982,S01982,2020-07-21,2021-06-18,87,86.77,0,0.0,REF741,23,0.7667,332,1,1
C01983,S01983,2023-01-29,,91,91.02,1,0.0008,,18,0.6,1241,0,0
C01984,S01984,2023-08-18,2025-12-19,105,105.3,2,0.0023,,27,0.9,854,0,1
C01985,S01985,2023-11-26,2027-03-26,71,70.95,2,0.0016,,9,0.3,1216,0,1
C01986,S01986,2020-08-28,2023-07-01,25,25.0,2,0.0019,REF353,28,0.9333,1037,1,1
C01987,S01987,2020-09-03,,57,56.92,3,0.0127,,20,0.6667,236,0,0
C01988,S01988,2020-04-12,2020-09-05,77,77.23,3,0.0205,,30,1.0,146,0,1
C01989,S01989,2023-05-18,2024-01-08,97,96.55,4,0.017,,40,1.3333,235,0,1
C01990,S01990,2020-10-05,2021-12-28,98,98.05,2,0.0045,,39,1.3,449,0,1
C01991,S01991,2021-08-08,2022-10-31,89,89.38,1,0.0022,,42,1.4,449,0,1
C01992,S01992,2021-09-14,,73,72.71,0,0.0,REF420,25,0.8333,1658,1,0
C01993,S01993,2021-06-10,,121,121.37,3,0.0021,REF569,39,1.3,1422,1,0
C01994,S01994,2022-01-14,,109,108.76,1,0.0006,REF735,26,0.8667,1591,1,0
C01995,S01995,2021-06-07,,101,100.72,1,0.0011,,26,0.8667,885,0,0
C01996,S01996,2020-12-19,2022-09-01,116,115.92,5,0.0081,,16,0.5333,621,0,1
C01997,S01997,2021-08-04,2023-09-04,96,96.23,4,0.0053,,25,0.8333,761,0,1
C01998,S01998,2023-04-23,,124,124.14,1,0.0006,REF573,16,0.5333,1570,1,0
C01999,S01999,2020-06-25,,93,92.73,6,0.0088,,33,1.1,678,0,0
C02000,S02000,2023-12-10,,97,96.7,1,0.0009,,12,0.4,1160,0,0
